-- phpMyAdmin SQL Dump
-- version 3.5.2.2
-- http://www.phpmyadmin.net
--
-- Хост: 127.0.0.1
-- Время создания: Мар 09 2017 г., 13:02
-- Версия сервера: 5.5.27
-- Версия PHP: 5.4.7

SET SQL_MODE="NO_AUTO_VALUE_ON_ZERO";
SET time_zone = "+00:00";


/*!40101 SET @OLD_CHARACTER_SET_CLIENT=@@CHARACTER_SET_CLIENT */;
/*!40101 SET @OLD_CHARACTER_SET_RESULTS=@@CHARACTER_SET_RESULTS */;
/*!40101 SET @OLD_COLLATION_CONNECTION=@@COLLATION_CONNECTION */;
/*!40101 SET NAMES utf8 */;

--
-- База данных: `medicine_db`
--

-- --------------------------------------------------------

--
-- Структура таблицы `balance_change`
--

CREATE TABLE IF NOT EXISTS `balance_change` (
  `id` int(11) NOT NULL,
  `client_id` int(11) NOT NULL,
  `balance_was` int(11) NOT NULL,
  `balance_became` int(11) NOT NULL,
  `debt_was` int(11) NOT NULL,
  `debt_became` int(11) NOT NULL,
  `currency_id` int(11) NOT NULL,
  `date` datetime NOT NULL
) ENGINE=InnoDB DEFAULT CHARSET=utf8;

--
-- Дамп данных таблицы `balance_change`
--

INSERT INTO `balance_change` (`id`, `client_id`, `balance_was`, `balance_became`, `debt_was`, `debt_became`, `currency_id`, `date`) VALUES
(0, 57, 74, 174, 0, 0, 1, '2017-02-20 09:23:32');

-- --------------------------------------------------------

--
-- Структура таблицы `client`
--

CREATE TABLE IF NOT EXISTS `client` (
  `client_id` int(11) NOT NULL AUTO_INCREMENT,
  `client_firstname` varchar(20) NOT NULL,
  `client_lastname` varchar(20) NOT NULL,
  `client_phone` varchar(40) NOT NULL,
  `client_email` varchar(50) NOT NULL,
  `client_address` varchar(100) NOT NULL,
  `client_company` varchar(50) NOT NULL,
  `client_image` varchar(200) NOT NULL,
  `client_other` text NOT NULL,
  `client_birthday` date NOT NULL,
  PRIMARY KEY (`client_id`)
) ENGINE=InnoDB  DEFAULT CHARSET=utf8 AUTO_INCREMENT=83 ;

--
-- Дамп данных таблицы `client`
--

INSERT INTO `client` (`client_id`, `client_firstname`, `client_lastname`, `client_phone`, `client_email`, `client_address`, `client_company`, `client_image`, `client_other`, `client_birthday`) VALUES
(29, 'Максат', 'Итбаев', '0555-00-67-13', '', '', 'Гос поликлиника', '', '', '0000-00-00'),
(30, 'Вадим', 'Филиппов', '0555-00-32-32', '', '', 'Клиника 32', '', '', '0000-00-00'),
(31, 'Андрей', '', '559007009', '', '', '', '', '', '0000-00-00'),
(32, 'Влад', '', '777183382', '', '', 'профи дент', '', '', '0000-00-00'),
(33, 'Нурбек', '', '770341934', '', '', '', '', '', '0000-00-00'),
(34, 'Ринат', '', '702253595', '', '', '', '', '', '0000-00-00'),
(35, 'Марсель', '', '551194752', '', '', '', '', '', '0000-00-00'),
(36, 'Дмитрий', 'Чипенко', '552680005', '', '', '', '', '', '0000-00-00'),
(37, 'Первичный покупатель', '', '', '', '', '', '', '', '0000-00-00'),
(38, 'Азамат', 'Азаматович', '554-15-24-44', '', '', '', '', '', '0001-11-30'),
(39, 'Руслан', 'Бакиров', '555523952', '', '', '', '', '', '0000-00-00'),
(40, 'Калыс', '', '551914325', '', '', '', '', '', '0000-00-00'),
(41, 'Рома', '', '550212348', '', '', '', '', '', '0000-00-00'),
(42, 'Майрамбек', '', '550229957', '', '', '', '', '', '0000-00-00'),
(43, 'Рахат', 'Шаршенбаев', '771388728', '', '', '', '', '', '0000-00-00'),
(44, 'Искандер', 'Абдылдаев', '0550330660', '', '', '', '', '', '0000-00-00'),
(45, 'Гафур', '', '555320203', '', '', '', '', '', '0000-00-00'),
(46, 'Анша', '', '555797182', '', '', '', '', '', '0000-00-00'),
(47, 'Саша ', '', '555737737', '', '', 'Эстет', '', '', '0000-00-00'),
(48, 'Марат', '', '707525362', '', '', 'биодент', '', '', '0000-00-00'),
(49, 'Талай', '', '555065272', '', '', '', '', '', '0000-00-00'),
(50, 'Алишер', '', '550436955', '', '', 'биодент', '', '', '0000-00-00'),
(51, 'Мурат', '', '555161555', '', '', '', '', '', '0000-00-00'),
(52, 'Дима', '', '553118404', '', '', '', '', '', '0000-00-00'),
(53, 'Кумар', '', '559334044', '', '', '', '', '', '0000-00-00'),
(55, 'Клиника Медистом', '', '', '', '', '', '', '', '0000-00-00'),
(56, 'Саламат ', 'Темиралиев ', '0550400469', '', '', '', '', '', '0000-00-00'),
(57, 'test', 'testov', '29384028', '', '', 'jgsldf;gj ', '', '', '0000-00-00'),
(58, 'Medistom', '', '', '', '', '', '', '', '0000-00-00'),
(59, 'Временный', '', '', '', '', '', '', '', '0000-00-00'),
(60, 'Тимур', 'Курманбеков', '', '', '', '', '', '', '0000-00-00'),
(61, 'Адилет ', '', '', '', '', 'Клиника "NUR"', '', '', '0000-00-00'),
(62, '', 'Мухтар ', '', '', '', '', '', '', '0000-00-00'),
(63, 'Брюс', 'Доктор', '0555303203', '', '', '', '', '', '0000-00-00'),
(64, 'Вадим ', 'Валерьевич', '', '', 'Ахунбаева/К.Маркса', 'Клиника "32"', '', '', '0000-00-00'),
(65, 'Meder', '', '', '', '', '', '', '', '0000-00-00'),
(66, 'Улан', 'Дюшеев', '', '', '', '', '', '', '0000-00-00'),
(67, 'Марс ', 'Озубеков ', '', '', '', '', '', '', '0000-00-00'),
(68, 'Улан ', 'Аманович ', '', '', '', '', '', '', '0000-00-00'),
(69, 'Айбек ', '', '', '', '', '', '', '', '0000-00-00'),
(70, 'Канат ', '', '', '', '', '', '', '', '0000-00-00'),
(71, 'Артем', 'Соколов', '', '', '', '', '', '', '0000-00-00'),
(72, 'Мирлан', '', '', '', '', 'Клиника "Каухар"', '', '', '0000-00-00'),
(73, 'Руслан ', 'Мухтаров ', '0555848200', '', '', 'San City', '', '', '0000-00-00'),
(74, 'Эрнис ', 'Каниметов', '', '', 'Киевская 65/1', 'Medistom', '', '', '0000-00-00'),
(75, 'Кайрат', '', '', '', '', '', '', '', '0000-00-00'),
(76, 'Аман ', 'Мукашевич', '', '', '', '', '', '', '0000-00-00'),
(77, 'Данияр ', '', '', '', '', 'Клиника Dental Osch', '', '', '0000-00-00'),
(78, 'Алексей', 'Кравченко', '', '', '', ' клиника Профи Дент', '', '', '0000-00-00'),
(79, 'Айбек ', 'Тойгонбаев', '', '', '', '', '', '', '0000-00-00'),
(80, 'Анара', 'ТОЙчубекова', '', '', '', '', '', '', '0000-00-00'),
(81, 'Илья', 'Вадим Валериевич', '', '', '', 'Клиника "32"', '', '', '0000-00-00'),
(82, 'Биостом', '', '', '', '', '', '', '', '0000-00-00');

-- --------------------------------------------------------

--
-- Структура таблицы `client_balance`
--

CREATE TABLE IF NOT EXISTS `client_balance` (
  `client_balance_id` int(11) NOT NULL AUTO_INCREMENT,
  `client_balance_client_id` int(11) NOT NULL,
  `client_balance_currency_id` int(11) NOT NULL,
  `client_balance_debt` decimal(10,2) NOT NULL,
  `client_balance_balance` decimal(10,2) NOT NULL,
  PRIMARY KEY (`client_balance_id`)
) ENGINE=InnoDB  DEFAULT CHARSET=utf8 AUTO_INCREMENT=33 ;

--
-- Дамп данных таблицы `client_balance`
--

INSERT INTO `client_balance` (`client_balance_id`, `client_balance_client_id`, `client_balance_currency_id`, `client_balance_debt`, `client_balance_balance`) VALUES
(2, 50, 1, 0.00, 13000.00),
(3, 57, 1, 0.00, 174.00),
(4, 57, 2, 100.00, 70.00),
(5, 58, 1, 0.00, 0.00),
(6, 59, 2, 0.00, 0.00),
(7, 60, 2, 50.00, 0.00),
(8, 61, 2, 480.00, 0.00),
(9, 62, 2, 0.00, 0.00),
(10, 63, 2, 280.00, 95.00),
(11, 64, 2, 985.00, 0.00),
(12, 65, 2, 0.00, 360.00),
(13, 66, 2, 360.00, 0.00),
(14, 67, 2, 200.00, 0.00),
(15, 68, 2, 2700.00, 0.00),
(16, 69, 2, 0.00, 0.00),
(17, 70, 2, 1060.00, 0.00),
(18, 71, 2, 0.00, 100.00),
(19, 29, 2, 120.00, 200.00),
(20, 72, 2, 0.00, 600.10),
(21, 72, 1, 0.00, 11056.00),
(22, 73, 2, 0.00, 0.00),
(23, 74, 2, 0.00, 0.00),
(24, 44, 2, 0.00, 0.00),
(25, 75, 2, 0.00, 0.00),
(26, 77, 2, 513.00, 0.00),
(27, 78, 2, 0.00, 0.00),
(28, 79, 2, 320.00, 0.00),
(29, 80, 2, 0.00, 0.00),
(30, 81, 2, 3360.00, 0.00),
(31, 82, 2, 60.00, 0.00),
(32, 37, 2, 74.00, 0.00);

-- --------------------------------------------------------

--
-- Структура таблицы `countries`
--

CREATE TABLE IF NOT EXISTS `countries` (
  `country_id` int(11) NOT NULL AUTO_INCREMENT,
  `country_barcode` text NOT NULL,
  `country_name` varchar(20) NOT NULL,
  `country_short_code` varchar(10) NOT NULL,
  PRIMARY KEY (`country_id`)
) ENGINE=InnoDB  DEFAULT CHARSET=utf8 AUTO_INCREMENT=104 ;

--
-- Дамп данных таблицы `countries`
--

INSERT INTO `countries` (`country_id`, `country_barcode`, `country_name`, `country_short_code`) VALUES
(1, '300,301,302,303,304,305,306,307,308,309,310,311,312,313,314,315,316,317,318,319,320,321,322,323,324,325,326,327,328,329,330,331,332,333,334,335,336,337,338,339,340,341,342,343,344,345,346,347,348,349,350,351,352,353,354,355,356,357,358,359,360,361,362,363,364,365,366,367,368,369,370,371,372,373,374,375,376,377,378,379', 'Франция', ''),
(2, '380', 'Болгария', ''),
(3, '383', 'Словения', ''),
(4, '385', 'Хорватия', ''),
(5, '387', 'Босния и Герцеговина', ''),
(6, '400,401,402,403,404,405,406,407,408,409,410,411,412,413,414,415,416,417,418,419,420,421,422,423,424,425,426,427,428,429,430,431,432,433,434,435,436,437,438,439,440', 'Германия', ''),
(7, '460,461,462,463,464,465,466,467,468,469', 'Россия', ''),
(8, '474', 'Эстония', ''),
(9, '475', 'Латвия', ''),
(10, '477', 'Литва', ''),
(11, '481', 'Белоруссия', ''),
(12, '482', 'Украина', ''),
(13, '484', 'Молдавия', ''),
(14, '501,502,503,504,505,506,507,508,509', 'Великобритания', ''),
(15, '520', 'Греция', ''),
(16, '530', 'Албания', ''),
(17, '531', 'Македония', ''),
(18, '535', 'Мальта', ''),
(19, '539', 'Ирландия', ''),
(21, '540,541,542,543,544,545', 'Бельгия', ''),
(22, '560', 'Португалия', ''),
(23, '569', 'Исландия', ''),
(24, '570,571,572,573,574,575,576,577,578,579', 'Дания', ''),
(25, '590', 'Польша', ''),
(26, '594', 'Румыния', ''),
(27, '599', 'Венгрия', ''),
(28, '640,641,642,643,644,645,646,647,648,649', 'Финляндия', ''),
(29, '700,701,702,703,704,705,706,707,708,709', 'Норвегия', ''),
(30, '730,731,732,733,734,735,736,737,738,739', 'Швеция', ''),
(31, '760,761,762,763,764,765,766,767,768,769', 'Швейцария', ''),
(32, '800,801,802,803,804,805,806,807,808,809,810,811,812,813,814,815,816,817,818,819,820,821,822,823,824,825,826,827,828,829,830,831,832,833,834,835,836,837,838,839', 'Италия', ''),
(33, '840,841,842,843,844,845,846,847,848,849', 'Испания', ''),
(34, '858', 'Словакия', ''),
(35, '859', 'Чехия', ''),
(36, '860', 'Черногория', ''),
(37, '860', 'Сербия', ''),
(38, '870,871,872,873,874,875,876,877,878,879', 'Нидерланды', ''),
(39, '900,901,902,903,904,905,906,907,908,909,910,911,912,913,914,915,916,917,918,919', 'Австрия', ''),
(40, '470', 'Киргизия', ''),
(41, '476', 'Азербайджан', ''),
(42, '478', 'Узбекистан', ''),
(43, '479', 'Шри-Ланка', ''),
(44, '480', 'Филиппины', ''),
(45, '485', 'Армения', ''),
(46, '486', 'Грузия', ''),
(47, '487', 'Казахстан', ''),
(48, '490,491,492,493,494,495,496,497,498,499', 'Япония', ''),
(49, '528', 'Ливан', ''),
(50, '529', 'Кипр', ''),
(51, '608', 'Бахрейн', ''),
(52, '621', 'Сирия', ''),
(53, '625', 'Иордания', ''),
(54, '626', 'Иран', ''),
(55, '627', 'Кувейт', ''),
(56, '628', 'Саудовская Аравия', ''),
(57, '629', 'ОАЭ', ''),
(58, '690,691,692,693,694,695', 'Китай', ''),
(59, '729', 'Израиль', ''),
(60, '865', 'Монголия', ''),
(61, '867', 'КНДР', ''),
(62, '869', 'Турция', ''),
(63, '880', 'Республика Корея', ''),
(64, '884', 'Камбоджа', ''),
(65, '885', 'Таиланд', ''),
(66, '888', 'Сингапур', ''),
(67, '890', 'Индия', ''),
(68, '893', 'Вьетнам', ''),
(69, '899', 'Индонезия', ''),
(70, '955', 'Малайзия', ''),
(71, '930,931,932,933,934,935,936,937,938,93', 'Австралия', ''),
(72, '940,941,942,943,944,945,946,947,948,949', 'Новая Зеландия', ''),
(73, '001,002,003,004,005,006,007,008,009,010,011,012,013,014,015,016,017,018,019,020,021,022,023,024,025,026,027,028,029,030,031,032,033,034,035,036,037,038,039,040,041,042,043,044,045,046,047,048,049,050,051,052,053,054,055,056,057,058,059,060,061,062,063,064,065,066,067,068,069,070,071,072,073,074,075,076,077,078,079,080,081,082,083,084,085,086,087,088,089,090,091,092,093,094,095,096,097,098,099,100,101,102,103,104,105,106,107,108,109,110,111,112,113,114,115,116,117,118,119,120,121,122,123,124,125,126,127,128,129,130,131,132,133,134,135,136,137,138,139', 'США', ''),
(74, '740', 'Гватемала', ''),
(75, '741', 'Сальвадор', ''),
(76, '742', 'Гондурас', ''),
(77, '743', 'Никарагуа', ''),
(78, '744', 'Коста-Рика', ''),
(79, '745', 'Панама', ''),
(80, '746', 'Доминиканская Респуб', ''),
(81, '750', 'Мексика', ''),
(82, '754,755', 'Канада', ''),
(83, '850', 'Куба', ''),
(84, '759', 'Венесуэла', ''),
(85, '770', 'Колумбия', ''),
(86, '773', 'Уругвай', ''),
(87, '775', 'Перу', ''),
(88, '777', 'Боливия', ''),
(89, '779', 'Аргентина', ''),
(90, '780', 'Чили', ''),
(91, '784', 'Парагвай', ''),
(92, '786', 'Эквадор', ''),
(93, '789,790', 'Бразилия', ''),
(94, '600,601', 'ЮАР', ''),
(95, '603', 'Гана', ''),
(96, '609', 'Маврикий', ''),
(97, '611', 'Марокко', ''),
(98, '613', 'Алжир', ''),
(99, '616', 'Кения', ''),
(100, '618', 'Кот-дИвуар', ''),
(101, '619', 'Тунис', ''),
(102, '622', 'Египет', ''),
(103, '624', 'Ливия', '');

-- --------------------------------------------------------

--
-- Структура таблицы `currency`
--

CREATE TABLE IF NOT EXISTS `currency` (
  `currency_id` int(11) NOT NULL AUTO_INCREMENT,
  `currency_code` varchar(10) NOT NULL,
  `currency_name` varchar(50) NOT NULL,
  PRIMARY KEY (`currency_id`)
) ENGINE=InnoDB  DEFAULT CHARSET=utf8 AUTO_INCREMENT=24 ;

--
-- Дамп данных таблицы `currency`
--

INSERT INTO `currency` (`currency_id`, `currency_code`, `currency_name`) VALUES
(1, 'KGS', 'Kyrgyzstan som'),
(2, 'USD', 'United States dollar'),
(3, 'AUD', 'Australian dollar'),
(4, 'BRL', 'Brazilian real'),
(5, 'GBP', 'British pound'),
(6, 'CAD', 'Canadian dollar'),
(7, 'CZK', 'Czech koruna'),
(8, 'EUR', 'Euro'),
(9, 'HKD', 'Hong Kong dollar'),
(10, 'INR', 'Indian rupee'),
(11, 'NIS', 'Israeli new shekel'),
(12, 'JPY', 'Japanese yen'),
(13, 'MYR', 'Malaysian ringgit'),
(14, 'MXN', 'Mexican peso'),
(15, 'TWD', 'New Taiwan dollar'),
(16, 'NZD', 'New Zealand dollar'),
(17, 'NOK', 'Norwegian krone'),
(18, 'PHP', 'Philippine peso'),
(19, 'SGD', 'Singapore dollar'),
(20, 'SEK', 'Swedish krona'),
(21, 'CHF', 'Swiss franc'),
(22, 'THB', 'Thai baht'),
(23, 'TL', 'Turkish lira');

-- --------------------------------------------------------

--
-- Структура таблицы `medicine`
--

CREATE TABLE IF NOT EXISTS `medicine` (
  `medicine_id` int(11) NOT NULL AUTO_INCREMENT,
  `medicine_code` varchar(30) NOT NULL,
  `medicine_name` varchar(200) NOT NULL,
  `medicine_country` varchar(50) NOT NULL,
  `medicine_production_date` date NOT NULL,
  `medicine_price` decimal(10,2) NOT NULL,
  `medicine_currency_id` int(11) NOT NULL DEFAULT '1',
  `medicine_quantity` int(11) NOT NULL,
  `medicine_image` varchar(200) NOT NULL,
  `medicine_other` text NOT NULL,
  `medicine_manufacture_id` int(11) NOT NULL,
  PRIMARY KEY (`medicine_id`)
) ENGINE=InnoDB  DEFAULT CHARSET=utf8 AUTO_INCREMENT=408 ;

--
-- Дамп данных таблицы `medicine`
--

INSERT INTO `medicine` (`medicine_id`, `medicine_code`, `medicine_name`, `medicine_country`, `medicine_production_date`, `medicine_price`, `medicine_currency_id`, `medicine_quantity`, `medicine_image`, `medicine_other`, `medicine_manufacture_id`) VALUES
(19, '', 'Paste Opaque РО ВА', 'Выберите Страну', '0000-00-00', 1300.00, 1, 0, '', '', 6),
(20, '', 'Paste Opaque PO A1', '48', '0000-00-00', 1300.00, 1, 0, '', '', 6),
(21, '', 'Paste Opaque PO A2', '48', '0000-00-00', 1300.00, 1, 0, '', '', 6),
(22, '', 'Paste Opaque PO A3', '48', '0000-00-00', 1300.00, 1, 0, '', '', 6),
(23, '', 'Paste Opaque РО А3,5', '48', '0000-00-00', 1300.00, 1, 0, '', '', 6),
(24, '', 'Paste Opaque PO B1', '48', '0000-00-00', 1300.00, 1, 0, '', '', 6),
(25, '', 'Paste Opaque PO B2', '48', '0000-00-00', 1300.00, 1, 0, '', '', 6),
(26, '', 'Paste Opaque PO B3', '48', '0000-00-00', 1300.00, 1, 0, '', '', 6),
(27, '', 'Paste Opaque PO C1', '48', '0000-00-00', 1300.00, 1, 0, '', '', 6),
(28, '', 'Paste Opaque PO C2', '48', '0000-00-00', 1300.00, 1, 0, '', '', 6),
(29, '', 'Paste Opaque PO C3', '48', '0000-00-00', 1300.00, 1, 0, '', '', 6),
(30, '', 'Paste Opaque PO D2', '48', '0000-00-00', 1300.00, 1, 0, '', '', 6),
(31, '', 'Paste Opaque PO NP 1,5', '48', '0000-00-00', 1300.00, 1, 0, '', '', 6),
(32, '', 'Paste Opaque PO NP 2,5', '48', '0000-00-00', 1300.00, 1, 0, '', '', 6),
(33, '', 'Dentin А1В(50 гр)', 'Выберите Страну', '0000-00-00', 2500.00, 1, 0, '', '', 6),
(34, '', 'Dentin А2В (50гр)', 'Выберите Страну', '0000-00-00', 2500.00, 1, 0, '', '', 6),
(35, '', 'Dentin А2В (200гр)', 'Выберите Страну', '0000-00-00', 8800.00, 1, 0, '', '', 6),
(36, '', 'Dentin А3В (50 gr)', 'Выберите Страну', '0000-00-00', 2500.00, 1, 0, '', '', 6),
(37, '', 'Dentin А3В (200гр)', 'Выберите Страну', '0000-00-00', 8800.00, 1, 0, '', '', 6),
(38, '', 'Dentin А3,5В (50 gr)', 'Выберите Страну', '0000-00-00', 2500.00, 1, 0, '', '', 6),
(39, '', 'Dentin В1В  (50 gr)', 'Выберите Страну', '0000-00-00', 2500.00, 1, 0, '', '', 6),
(40, '', 'Dentin В2В  (50 gr)', 'Выберите Страну', '0000-00-00', 2500.00, 1, 0, '', '', 6),
(41, '', 'Dentin В3В  (50 gr)', 'Выберите Страну', '0000-00-00', 2500.00, 1, 0, '', '', 6),
(42, '', 'Dentin С1В  (50 gr)', 'Выберите Страну', '0000-00-00', 2500.00, 1, 0, '', '', 6),
(43, '', 'Dentin С2В (50 gr)', 'Выберите Страну', '0000-00-00', 2500.00, 1, 0, '', '', 6),
(44, '', 'Dentin С3В (50 gr)', 'Выберите Страну', '0000-00-00', 2500.00, 1, 0, '', '', 6),
(45, '', 'Dentin D2B (50 gr)', 'Выберите Страну', '0000-00-00', 2500.00, 1, 0, '', '', 6),
(46, '', 'Dentin D3B (50 gr)', 'Выберите Страну', '0000-00-00', 2500.00, 1, 0, '', '', 6),
(47, '', 'Enamel Е1 (50 gr)', 'Выберите Страну', '0000-00-00', 2500.00, 1, 0, '', '', 6),
(48, '', 'Enamel Silky Е1 (50 gr)', 'Выберите Страну', '0000-00-00', 2500.00, 1, 0, '', '', 6),
(49, '', 'Enamel Е2 (50гр)', 'Выберите Страну', '0000-00-00', 2500.00, 1, 0, '', '', 6),
(50, '', 'Enamel Е 2 (200гр)', 'Выберите Страну', '0000-00-00', 8800.00, 1, 0, '', '', 6),
(51, '', 'Enamel silky Е2  (50 gr)', 'Выберите Страну', '0000-00-00', 2500.00, 1, 0, '', '', 6),
(52, '', 'Enamel Е3 (50гр)', 'Выберите Страну', '0000-00-00', 2500.00, 1, 0, '', '', 6),
(53, '', 'Enamel Е3 (200гр)', 'Выберите Страну', '0000-00-00', 8800.00, 1, 0, '', '', 6),
(54, '', 'Luster  LT0 (50 gr)', 'Выберите Страну', '0000-00-00', 3100.00, 1, 0, '', '', 6),
(55, '', 'Luster LT1 (50 gr)', 'Выберите Страну', '0000-00-00', 3100.00, 1, 0, '', '', 6),
(56, '', 'Luster creamy enamel (50 gr)', 'Выберите Страну', '0000-00-00', 3100.00, 1, 0, '', '', 6),
(57, '', 'Transulent Т0 (50 gr)', 'Выберите Страну', '0000-00-00', 2500.00, 1, 0, '', '', 6),
(58, '', 'Transulent ТX (50 gr)', 'Выберите Страну', '0000-00-00', 2500.00, 1, 0, '', '', 6),
(59, '', 'Transulent Т1 (50 gr)', 'Выберите Страну', '0000-00-00', 2500.00, 1, 0, '', '', 6),
(60, '', 'Dentin NP 1,5B (50g)', 'Выберите Страну', '0000-00-00', 2500.00, 1, 0, '', '', 6),
(61, '', 'Dentin NP 2,5B (50g)', 'Выберите Страну', '0000-00-00', 2500.00, 1, 0, '', '', 6),
(62, '', 'Luster T-Blue(50 gr)', '48', '0000-00-00', 2900.00, 1, 0, '', '', 6),
(63, '', 'Luster Aqua blue 1(10 gr)', 'Выберите Страну', '0000-00-00', 800.00, 1, 0, '', '', 6),
(64, '', 'Luster LT0 (10 gr)', 'Выберите Страну', '0000-00-00', 800.00, 1, 0, '', '', 6),
(65, '', 'Luster LT Super Gray(10 gr)', 'Выберите Страну', '0000-00-00', 800.00, 1, 0, '', '', 6),
(66, '', 'Luster LT Yellow(10 gr)', 'Выберите Страну', '0000-00-00', 800.00, 1, 0, '', '', 6),
(67, '', 'Luster LT Creamy Enamel(10 gr)', 'Выберите Страну', '0000-00-00', 800.00, 1, 0, '', '', 6),
(68, '', 'MEISTER CONES red', '48', '0000-00-00', 1500.00, 1, 0, '', '', 6),
(70, '', 'MEISTER POINT', 'Выберите Страну', '0000-00-00', 17000.00, 1, 0, '', '', 6),
(71, '', 'Liquid ES (10 ml)', '48', '0000-00-00', 300.00, 1, 0, '', '', 6),
(72, '', 'Liquid ES(100 ml)', 'Выберите Страну', '0000-00-00', 2200.00, 1, 0, '', '', 6),
(73, '', 'Forming Liquid(10 gr)', 'Выберите Страну', '0000-00-00', 300.00, 1, 0, '', '', 6),
(74, '', 'MEISTER Finish', '48', '0000-00-00', 2500.00, 1, 0, '', '', 6),
(75, '', 'External kit', '48', '0000-00-00', 21000.00, 1, 0, '', '', 6),
(76, '', 'Internal kit', '48', '0000-00-00', 19000.00, 1, 0, '', '', 6),
(77, '', 'Glaze (10gr)', 'Выберите Страну', '0000-00-00', 2100.00, 1, 0, '', '', 6),
(78, '', 'Liquid opaque(10ml)', 'Выберите Страну', '0000-00-00', 300.00, 1, 0, '', '', 6),
(79, '', 'Liquid opaque(30ml)', '48', '0000-00-00', 550.00, 1, 0, '', '', 6),
(80, '', 'Shade Guide', 'Выберите Страну', '0000-00-00', 3600.00, 1, 0, '', '', 6),
(81, '', 'Opaque Pink(10gr)', 'Выберите Страну', '0000-00-00', 700.00, 1, 0, '', '', 6),
(82, '', 'Dark Pink(10gr)', 'Выберите Страну', '0000-00-00', 700.00, 1, 0, '', '', 6),
(83, '', 'Cervical CV-1(50gr)', 'Выберите Страну', '0000-00-00', 2500.00, 1, 0, '', '', 6),
(84, '', 'Cervical CV-2(50gr)', 'Выберите Страну', '0000-00-00', 2500.00, 1, 0, '', '', 6),
(85, '', 'Cervical CV-1(10 gr)', '48', '0000-00-00', 600.00, 1, 0, '', '', 6),
(86, '', 'Cervical CV-2(10 gr)', '48', '0000-00-00', 600.00, 1, 0, '', '', 6),
(87, '', 'Cervical CV-3(10 gr)', '48', '0000-00-00', 600.00, 1, 0, '', '', 6),
(88, '', 'Cervical CV-4(10 gr)', '48', '0000-00-00', 600.00, 1, 0, '', '', 6),
(89, '', 'Opaque Dentin OBA1 (50gr)', 'Выберите Страну', '0000-00-00', 2700.00, 1, 0, '', '', 6),
(90, '', 'Opaque Dentin OBA2 (50gr)', 'Выберите Страну', '0000-00-00', 2700.00, 1, 0, '', '', 6),
(91, '', 'Opaque Dentin OBA3 (50gr)', '48', '0000-00-00', 2300.00, 1, 0, '', '', 6),
(92, '', 'Opaque Dentin OBA3,5 (50gr)', '48', '0000-00-00', 2300.00, 1, 0, '', '', 6),
(93, '', 'Opaque Dentin OBB1 (50gr)', '48', '0000-00-00', 2300.00, 1, 0, '', '', 6),
(94, '', 'Opaque Dentin OBB2 (50gr)', '48', '0000-00-00', 2300.00, 1, 0, '', '', 6),
(95, '', 'Opaque Dentin OBB3 (50gr)', '48', '0000-00-00', 2300.00, 1, 0, '', '', 6),
(96, '', 'Opaque Dentin OBC1 (50gr)', '48', '0000-00-00', 2300.00, 1, 0, '', '', 6),
(97, '', 'Opaque Dentin OBD2 (50gr)', '48', '0000-00-00', 2300.00, 1, 0, '', '', 6),
(98, '', 'Opaque Dentin OBD3 (50gr)', 'Выберите Страну', '0000-00-00', 2700.00, 1, 0, '', '', 6),
(99, '', 'Opaque Dentin MA2 (50gr)', 'Выберите Страну', '0000-00-00', 2500.00, 1, 0, '', '', 6),
(100, '', 'Opaque Dentin MA3 (50gr)', '48', '0000-00-00', 2300.00, 1, 0, '', '', 6),
(101, '', 'Opaque Dentin MB2 (50gr)', '48', '0000-00-00', 2300.00, 1, 0, '', '', 6),
(102, '', 'Opaque Dentin MB3 (50gr)', '48', '0000-00-00', 2300.00, 1, 0, '', '', 6),
(103, '', 'Opaque powder(10 gr)', '48', '0000-00-00', 600.00, 1, 0, '', '', 6),
(104, '', 'Noritake Book', '48', '0000-00-00', 200.00, 1, 0, '', '', 6),
(105, '', 'ЕХ-3 MARGIN KIT(150g)', '48', '0000-00-00', 7000.00, 1, 0, '', '', 6),
(106, '', 'LUSTER CCV KIT', '48', '0000-00-00', 9000.00, 1, 0, '', '', 6),
(107, '', 'CZR BASIC FULL KIT', '48', '0000-00-00', 35000.00, 1, 0, '', '', 6),
(108, '', 'SCREENING PORC KIT', '48', '0000-00-00', 10000.00, 1, 0, '', '', 6),
(109, '', 'EX-3 TISSUE KIT', '48', '0000-00-00', 3300.00, 1, 0, '', '', 6),
(110, '', 'EX-3 FORMING LIQUID(100 ml)', '48', '0000-00-00', 1500.00, 1, 0, '', '', 6),
(111, '', 'PEARL SURFASE SET', '48', '0000-00-00', 2500.00, 1, 0, '', '', 6),
(112, '', 'EX-3 PO BASIC KIT', '48', '0000-00-00', 17000.00, 1, 0, '', '', 6),
(113, '', 'ADDMATE SET', '48', '0000-00-00', 6000.00, 1, 0, '', '', 6),
(114, '', 'C-GUIDE1001', '48', '0000-00-00', 10000.00, 1, 0, '', '', 6),
(115, '', 'C-GUIDE1002', '48', '0000-00-00', 10000.00, 1, 0, '', '', 6),
(116, '', 'I L S PALETTE', '48', '0000-00-00', 3500.00, 1, 0, '', '', 6),
(117, '', 'MIXING PALLETE', '48', '0000-00-00', 3500.00, 1, 0, '', '', 6),
(118, '', 'STAIN PALETTE', '48', '0000-00-00', 3500.00, 1, 0, '', '', 6),
(119, '', 'TATSUJIN BRUSH SET(4PCS)', '48', '0000-00-00', 10200.00, 1, 0, '', '', 6),
(120, '', 'TATSUJIN BRUSH # B', '48', '0000-00-00', 5400.00, 1, 0, '', '', 6),
(121, '', 'DETAIL CHECKER', '48', '0000-00-00', 900.00, 1, 0, '', '', 6),
(122, '', 'MAGIC SET', '48', '0000-00-00', 2200.00, 1, 0, '', '', 6),
(123, '', 'CRACK FINDER', '48', '0000-00-00', 2200.00, 1, 0, '', '', 6),
(124, '', 'MEISTER POINT DK-81', 'Выберите Страну', '0000-00-00', 2200.00, 1, 0, '', '', 6),
(125, '', 'MEISTER POINT DP-01 ', 'Выберите Страну', '0000-00-00', 600.00, 1, 0, '', '', 6),
(126, '', 'MEISTER POINT DP-02', '48', '0000-00-00', 600.00, 1, 0, '', '', 6),
(127, '', 'MEISTER POINT DP-03', '48', '0000-00-00', 600.00, 1, 0, '', '', 6),
(128, '', 'MEISTER POINT DP-04', '48', '0000-00-00', 800.00, 1, 0, '', '', 6),
(129, '', 'MEISTER POINT DP-05', '48', '0000-00-00', 800.00, 1, 0, '', '', 6),
(130, '', 'MEISTER POINT SD-61', 'Выберите Страну', '0000-00-00', 2300.00, 1, 0, '', '', 6),
(131, '', 'MEISTER POINT SF-41', 'Выберите Страну', '0000-00-00', 2100.00, 1, 0, '', '', 6),
(132, '', 'NORI-VEST SET', '48', '0000-00-00', 3200.00, 1, 0, '', '', 6),
(133, '', 'SUPER ROCK NEUTRAL GRAY', '48', '0000-00-00', 1100.00, 1, 0, '', '', 6),
(134, '', 'SUPER ROCK BROWN', '48', '0000-00-00', 1100.00, 1, 0, '', '', 6),
(135, '', 'SOLDERING SET', '48', '0000-00-00', 9000.00, 1, 0, '', '', 6),
(136, '', 'Super Allow (1000 gr)', '48', '0000-00-00', 12000.00, 1, 0, '', '', 6),
(137, '', 'Долг', 'Киргизия', '0000-00-00', 1000.00, 1, 1, '', '', 9),
(138, '', 'superline 36 07', 'Выберите Страну', '0000-00-00', 90.00, 2, 26, '', '', 7),
(139, '', 'superline 36 08', 'Выберите Страну', '0000-00-00', 90.00, 2, 26, '', '', 7),
(140, '', 'superline 36 10', 'Выберите Страну', '0000-00-00', 90.00, 2, 22, '', '', 7),
(141, '', 'superline 36 12', 'Выберите Страну', '0000-00-00', 90.00, 2, 51, '', '', 7),
(142, '', 'superline 36 14', 'Выберите Страну', '0000-00-00', 90.00, 2, 94, '', '', 7),
(143, '', 'superline 40 07', 'Выберите Страну', '0000-00-00', 90.00, 2, 45, '', '', 7),
(144, '', 'superline 40 08', 'Выберите Страну', '0000-00-00', 90.00, 2, 13, '', '', 7),
(145, '', 'superline 40 10', 'Выберите Страну', '0000-00-00', 90.00, 2, 43, '', '{"":""}', 7),
(146, '', 'superline 40 12', 'Выберите Страну', '0000-00-00', 90.00, 2, 74, '', '', 7),
(147, '', 'superline 40 14', 'Выберите Страну', '0000-00-00', 90.00, 2, 119, '', '', 7),
(148, '', 'superline 45 07', 'Выберите Страну', '0000-00-00', 90.00, 2, 38, '', '', 7),
(149, '', 'superline 45 08', 'Выберите Страну', '0000-00-00', 90.00, 2, 5, '', '', 7),
(150, '', 'superline 45 10', 'Выберите Страну', '0000-00-00', 90.00, 2, 129, '', '', 7),
(151, '', 'superline 45 12', 'Выберите Страну', '0000-00-00', 90.00, 2, 128, '', '', 7),
(152, '', 'superline 45 14', 'Выберите Страну', '0000-00-00', 90.00, 2, 76, '', '', 7),
(153, '', 'superline 50 07', 'Выберите Страну', '0000-00-00', 90.00, 2, 60, '', '', 7),
(154, '', 'superline 50 08', 'Выберите Страну', '0000-00-00', 90.00, 2, 12, '', '', 7),
(155, '', 'superline 50 10', 'Выберите Страну', '0000-00-00', 90.00, 2, 100, '', '', 7),
(156, '', 'superline 50 12', 'Выберите Страну', '0000-00-00', 90.00, 2, 50, '', '', 7),
(157, '', 'superline 50 14', 'Выберите Страну', '0000-00-00', 90.00, 2, 104, '', '', 7),
(158, '', 'superline 60 07', 'Выберите Страну', '0000-00-00', 90.00, 2, 29, '', '', 7),
(159, '', 'superline 60 08', 'Выберите Страну', '0000-00-00', 90.00, 2, 11, '', '', 7),
(160, '', 'superline 60 10', 'Выберите Страну', '0000-00-00', 90.00, 2, 15, '', '', 7),
(161, '', 'superline 60 12', 'Выберите Страну', '0000-00-00', 90.00, 2, 19, '', '', 7),
(162, '', 'superline 70 07', 'Выберите Страну', '0000-00-00', 90.00, 2, 32, '', '', 7),
(163, '', 'superline 70 08', 'Выберите Страну', '0000-00-00', 90.00, 2, 29, '', '', 7),
(164, '', 'superline 70 10', 'Выберите Страну', '0000-00-00', 90.00, 2, 23, '', '', 7),
(165, '', 'superline 70 12', 'Выберите Страну', '0000-00-00', 90.00, 2, 31, '', '', 7),
(166, '', 'implantium36 08', '63', '2015-01-01', 90.00, 2, 0, '', '', 7),
(167, '', 'implantium36 10', '63', '2015-01-01', 90.00, 2, 0, '', '', 7),
(168, '', 'implantium36 12', '63', '2015-01-01', 90.00, 2, 0, '', '', 7),
(169, '', 'implantium36 14', '63', '2015-01-01', 90.00, 2, 0, '', '', 7),
(170, '', 'implantium40 08', '63', '2015-01-01', 90.00, 2, 0, '', '', 7),
(171, '', 'implantium40 10', '63', '2015-01-01', 90.00, 2, 0, '', '', 7),
(172, '', 'implantium40 12', '63', '2015-01-01', 90.00, 2, 0, '', '', 7),
(173, '', 'implantium40 14', '63', '2015-01-01', 90.00, 2, 0, '', '', 7),
(174, '', 'implantium43 08', 'Выберите Страну', '0000-00-00', 90.00, 2, 1, '', '', 7),
(175, '', 'implantium43 10', 'Выберите Страну', '0000-00-00', 90.00, 2, 24, '', '', 7),
(176, '', 'implantium48 12', 'Выберите Страну', '0000-00-00', 90.00, 2, 1, '', '', 7),
(177, '', 'implantium45 14', '63', '2015-01-01', 90.00, 2, 0, '', '', 7),
(178, '', 'implantium50 08', '63', '2015-01-01', 90.00, 2, 0, '', '', 7),
(179, '', 'implantium50 10', '63', '2015-01-01', 90.00, 2, 0, '', '', 7),
(180, '', 'implantium50 12', '63', '2015-01-01', 90.00, 2, 0, '', '', 7),
(181, '', 'implantium50 14', '63', '2015-01-01', 90.00, 2, 0, '', '', 7),
(182, '', 'slimline ball 20 06', '73', '2015-01-01', 60.00, 2, 0, '', '', 7),
(183, '', 'slimline ball 20 08', '73', '2015-01-01', 60.00, 2, 5, '', '', 7),
(184, '', 'slimline ball 20 10', '73', '2015-01-01', 60.00, 2, 12, '', '', 7),
(185, '', 'slimline ball 20 12', '73', '2015-01-01', 60.00, 2, 12, '', '', 7),
(186, '', 'slimline ball 20 14', '73', '2015-01-01', 60.00, 2, 5, '', '', 7),
(187, '', 'slimline ball 25 06', '73', '2015-01-01', 60.00, 2, 22, '', '', 7),
(188, '', 'slimline ball 25 08', '73', '2015-01-01', 60.00, 2, 18, '', '', 7),
(189, '', 'slimline ball 25 10', '73', '2015-01-01', 60.00, 2, 22, '', '', 7),
(190, '', 'slimline ball 25 12', '73', '2015-01-01', 60.00, 2, 19, '', '', 7),
(191, '', 'slimline ball 25 14', '73', '2015-01-01', 60.00, 2, 18, '', '', 7),
(192, '', 'slimline ball 30 06', '73', '2015-01-01', 60.00, 2, 12, '', '', 7),
(193, '', 'slimline ball 30 08', '73', '2015-01-01', 60.00, 2, 13, '', '', 7),
(194, '', 'slimline ball 30 10', '73', '2015-01-01', 60.00, 2, 33, '', '', 7),
(195, '', 'slimline ball 30 12', '73', '2015-01-01', 60.00, 2, 0, '', '', 7),
(196, '', 'slimline ball 30 14', '73', '2015-01-01', 60.00, 2, 0, '', '', 7),
(197, '', 'slimline ball 35 06', '73', '2015-01-01', 60.00, 2, 0, '', '', 7),
(198, '', 'slimline ball 35 08', '73', '2015-01-01', 60.00, 2, 0, '', '', 7),
(199, '', 'slimline ball 35 10', '73', '2015-01-01', 60.00, 2, 0, '', '', 7),
(200, '', 'slimline ball 35 12', '73', '2015-01-01', 60.00, 2, 0, '', '', 7),
(201, '', 'slimline ball 35 14', '73', '2015-01-01', 60.00, 2, 0, '', '', 7),
(202, '', 'slimline ball 40 06', '73', '2015-01-01', 60.00, 2, 0, '', '', 7),
(203, '', 'slimline ball 40 08', '73', '2015-01-01', 60.00, 2, 0, '', '', 7),
(204, '', 'slimline ball 40 10', '73', '2015-01-01', 60.00, 2, 0, '', '', 7),
(205, '', 'slimline ball 40 12', '73', '2015-01-01', 60.00, 2, 0, '', '', 7),
(206, '', 'slimline ball 40 14', '73', '2015-01-01', 60.00, 2, 0, '', '', 7),
(207, '', 'slimline fix 20 06', '73', '2015-01-01', 60.00, 2, 0, '', '', 7),
(208, '', 'slimline fix 20 08', '73', '2015-01-01', 60.00, 2, 9, '', '', 7),
(209, '', 'slimline fix 20 10', 'Выберите Страну', '0000-00-00', 60.00, 2, 0, '', '', 7),
(210, '', 'slimline fix 20 12', '73', '2015-01-01', 60.00, 2, 39, '', '', 7),
(211, '', 'slimline fix 20 14', '73', '2015-01-01', 60.00, 2, 47, '', '', 7),
(212, '', 'slimline fix 25 06', '73', '2015-01-01', 60.00, 2, 20, '', '', 7),
(213, '', 'slimline fix 25 08', '73', '2015-01-01', 60.00, 2, 18, '', '', 7),
(214, '', 'slimline fix 25 10', '73', '2015-01-01', 60.00, 2, 21, '', '', 7),
(215, '', 'slimline fix 25 12', '73', '2015-01-01', 60.00, 2, 16, '', '', 7),
(216, '', 'slimline fix 25 14', '73', '2015-01-01', 60.00, 2, 17, '', '', 7),
(217, '', 'slimline fix 30 06', '73', '2015-01-01', 60.00, 2, 12, '', '', 7),
(218, '', 'slimline fix 30 08', '73', '2015-01-01', 60.00, 2, 13, '', '', 7),
(219, '', 'slimline fix 30 10', '73', '2015-01-01', 60.00, 2, 29, '', '', 7),
(220, '', 'slimline fix 30 12', 'Выберите Страну', '0000-00-00', 60.00, 2, 5, '', '', 7),
(221, '', 'slimline fix 30 14', '73', '2015-01-01', 60.00, 2, 40, '', '', 7),
(222, '', 'slimline fix 35 06', '73', '2015-01-01', 60.00, 2, 22, '', '', 7),
(223, '', 'slimline fix 35 08', '73', '2015-01-01', 60.00, 2, 14, '', '', 7),
(224, '', 'slimline fix 35 10', '73', '2015-01-01', 60.00, 2, 31, '', '', 7),
(225, '', 'slimline fix 35 12', '73', '2015-01-01', 60.00, 2, 31, '', '', 7),
(226, '', 'slimline fix 35 14', '73', '2015-01-01', 60.00, 2, 17, '', '', 7),
(227, '', 'slimline fix 40 06', '73', '2015-01-01', 60.00, 2, 12, '', '', 7),
(228, '', 'slimline fix 40 08', '73', '2015-01-01', 60.00, 2, 28, '', '', 7),
(229, '', 'slimline fix 40 10', '73', '2015-01-01', 60.00, 2, 11, '', '', 7),
(230, '', 'slimline fix 40 12', '73', '2015-01-01', 60.00, 2, 20, '', '', 7),
(231, '', 'slimline fix 40 14', '73', '2015-01-01', 60.00, 2, 41, '', '', 7),
(232, '', 'healing abutement HAB 40 20L', '73', '2015-01-01', 37.00, 2, 0, '', '', 7),
(233, '', 'healing abutement HAB 40 35L', '73', '2015-01-01', 37.00, 2, 0, '', '', 7),
(234, '', 'healing abutement HAB 40 50L', '73', '2015-01-01', 37.00, 2, 0, '', '', 7),
(235, '', 'healing abutement HAB 40 70L', '73', '2015-01-01', 37.00, 2, 0, '', '', 7),
(236, '', 'healing abutement HAB 45 20L', '73', '2015-01-01', 37.00, 2, 0, '', '', 7),
(237, '', 'healing abutement HAB 45 35L', '73', '2015-01-01', 37.00, 2, 0, '', '', 7),
(238, '', 'healing abutement HAB 45 50L', '73', '2015-01-01', 37.00, 2, 0, '', '', 7),
(239, '', 'healing abutement HAB 45 70L', '73', '2015-01-01', 37.00, 2, 0, '', '', 7),
(240, '', 'healing abutement HAB 55 20L', '73', '2015-01-01', 37.00, 2, 0, '', '', 7),
(241, '', 'healing abutement HAB 55 35L', 'Выберите Страну', '0000-00-00', 37.00, 2, 0, '', '', 7),
(242, '', 'healing abutement HAB 55 50L', '73', '2015-01-01', 37.00, 2, 0, '', '', 7),
(243, '', 'healing abutement HAB 55 70L', '73', '2015-01-01', 37.00, 2, 0, '', '', 7),
(244, '', 'healing abutement HAB 65 20L', '73', '2015-01-01', 37.00, 2, 0, '', '', 7),
(245, '', 'healing abutement HAB 65 35L', '73', '2015-01-01', 37.00, 2, 0, '', '', 7),
(246, '', 'healing abutement HAB 65 50L', '73', '2015-01-01', 37.00, 2, 0, '', '', 7),
(247, '', 'healing abutement HAB 65 70L', '73', '2015-01-01', 37.00, 2, 0, '', '', 7),
(248, '', 'healing abutement HAB 75 50L', '73', '2015-01-01', 37.00, 2, 0, '', '', 7),
(249, '', 'healing abutement HAB 85 50L', '73', '2015-01-01', 37.00, 2, 0, '', '', 7),
(250, '', 'healing abutement HAB 95 50L', '73', '2015-01-01', 37.00, 2, 0, '', '', 7),
(251, '', 'combined abutment CAB 45 10 L', '73', '2015-01-01', 45.00, 2, 0, '', '', 7),
(252, '', 'combined abutment CAB 45 15 L', '73', '2015-01-01', 45.00, 2, 0, '', '', 7),
(253, '', 'combined abutment CAB 45 25 L', '73', '2015-01-01', 45.00, 2, 0, '', '', 7),
(254, '', 'combined abutment CAB 45 35 L', '73', '2015-01-01', 45.00, 2, 0, '', '', 7),
(255, '', 'combined abutment CAB 45 45 L', '73', '2015-01-01', 45.00, 2, 0, '', '', 7),
(256, '', 'combined abutment CAB 45 55 L', '73', '2015-01-01', 45.00, 2, 0, '', '', 7),
(257, '', 'combined abutment CAB 55 15 L', '73', '2015-01-01', 45.00, 2, 0, '', '', 7),
(258, '', 'combined abutment CAB 55 25 L', '73', '2015-01-01', 45.00, 2, 0, '', '', 7),
(259, '', 'combined abutment CAB 55 35 L', '73', '2015-01-01', 45.00, 2, 0, '', '', 7),
(260, '', 'combined abutment CAB 55 45 L', '73', '2015-01-01', 45.00, 2, 0, '', '', 7),
(261, '', 'combined abutment CAB 55 55 L', '73', '2015-01-01', 45.00, 2, 0, '', '', 7),
(262, '', 'combined abutment CAB 65 15 L', '73', '2015-01-01', 45.00, 2, 0, '', '', 7),
(263, '', 'combined abutment CAB 65 25 L', '73', '2015-01-01', 45.00, 2, 0, '', '', 7),
(264, '', 'combined abutment CAB 65 35 L', '73', '2015-01-01', 45.00, 2, 0, '', '', 7),
(265, '', 'combined abutment CAB 65 45 L', '73', '2015-01-01', 45.00, 2, 0, '', '', 7),
(266, '', 'combined abutment CAB 65 55 L', '73', '2015-01-01', 45.00, 2, 0, '', '', 7),
(267, '', 'combined abutment short CAB 45 10 SL', '73', '2015-01-01', 45.00, 2, 0, '', '', 7),
(268, '', 'combined abutment short CAB 45 15 SL', '73', '2015-01-01', 45.00, 2, 0, '', '', 7),
(269, '', 'combined abutment short CAB 45 25 SL', '73', '2015-01-01', 45.00, 2, 0, '', '', 7),
(270, '', 'combined abutment short CAB 45 35 SL', '73', '2015-01-01', 45.00, 2, 0, '', '', 7),
(271, '', 'combined abutment short CAB 45 45 SL', '73', '2015-01-01', 45.00, 2, 0, '', '', 7),
(272, '', 'combined abutment short CAB 45 55 SL', '73', '2015-01-01', 45.00, 2, 0, '', '', 7),
(273, '', 'combined abutment short CAB 55 15 SL', '73', '2015-01-01', 45.00, 2, 0, '', '', 7),
(274, '', 'combined abutment short CAB 55 25 SL', '73', '2015-01-01', 45.00, 2, 0, '', '', 7),
(275, '', 'combined abutment short CAB 55 35 SL', '73', '2015-01-01', 45.00, 2, 0, '', '', 7),
(276, '', 'combined abutment short CAB 55 45 SL', '73', '2015-01-01', 45.00, 2, 0, '', '', 7),
(277, '', 'combined abutment short CAB 55 55 SL', '73', '2015-01-01', 45.00, 2, 0, '', '', 7),
(278, '', 'combined abutment short CAB 65 15 SL', '73', '2015-01-01', 45.00, 2, 0, '', '', 7),
(279, '', 'combined abutment short CAB 65 25 SL', '73', '2015-01-01', 45.00, 2, 0, '', '', 7),
(280, '', 'combined abutment short CAB 65 35 SL', '73', '2015-01-01', 45.00, 2, 0, '', '', 7),
(281, '', 'combined abutment short CAB 65 45 SL', '73', '2015-01-01', 45.00, 2, 0, '', '', 7),
(282, '', 'combined abutment short CAB 65 55 SL', '73', '2015-01-01', 45.00, 2, 0, '', '', 7),
(283, '', 'dual abutment hex DAB 45 10 HL', '73', '2015-01-01', 45.00, 2, 0, '', '', 7),
(284, '', 'dual abutment hex DAB 45 15 HL', '73', '2015-01-01', 45.00, 2, 0, '', '', 7),
(285, '', 'dual abutment hex DAB 45 25 HL', '73', '2015-01-01', 45.00, 2, 0, '', '', 7),
(286, '', 'dual abutment hex DAB 45 35 HL', '73', '2015-01-01', 45.00, 2, 0, '', '', 7),
(287, '', 'dual abutment hex DAB 45 45 HL', '73', '2015-01-01', 45.00, 2, 0, '', '', 7),
(288, '', 'dual abutment hex DAB 45 55 HL', '73', '2015-01-01', 45.00, 2, 0, '', '', 7),
(289, '', 'dual abutment hex DAB 55 15 HL', '73', '2015-01-01', 45.00, 2, 0, '', '', 7),
(290, '', 'dual abutment hex DAB 55 25 HL', '73', '2015-01-01', 45.00, 2, 0, '', '', 7),
(291, '', 'dual abutment hex DAB 55 35 HL', '73', '2015-01-01', 45.00, 2, 0, '', '', 7),
(292, '', 'dual abutment hex DAB 55 45 HL', '73', '2015-01-01', 45.00, 2, 0, '', '', 7),
(293, '', 'dual abutment hex DAB 55 55 HL', '73', '2015-01-01', 45.00, 2, 0, '', '', 7),
(294, '', 'dual abutment hex DAB 65 15 HL', '73', '2015-01-01', 45.00, 2, 0, '', '', 7),
(295, '', 'dual abutment hex DAB 65 25 HL', '73', '2015-01-01', 45.00, 2, 0, '', '', 7),
(296, '', 'dual abutment hex DAB 65 35 HL', '73', '2015-01-01', 45.00, 2, 0, '', '', 7),
(297, '', 'dual abutment hex DAB 65 45 HL', '73', '2015-01-01', 45.00, 2, 0, '', '', 7),
(298, '', 'dual abutment hex DAB 65 55 HL', '73', '2015-01-01', 45.00, 2, 0, '', '', 7),
(299, '', 'dual abutment no hex DAB 45 10 NL', '73', '2015-01-01', 45.00, 2, 0, '', '', 7),
(300, '', 'dual abutment no hex DAB 45 15 NL', '73', '2015-01-01', 45.00, 2, 0, '', '', 7),
(301, '', 'dual abutment no hex DAB 45 25 NL', '73', '2015-01-01', 45.00, 2, 0, '', '', 7),
(302, '', 'dual abutment no hex DAB 45 35 NL', '73', '2015-01-01', 45.00, 2, 0, '', '', 7),
(303, '', 'dual abutment no hex DAB 45 45 NL', '73', '2015-01-01', 45.00, 2, 0, '', '', 7),
(304, '', 'dual abutment no hex DAB 45 55 NL', '73', '2015-01-01', 45.00, 2, 0, '', '', 7),
(305, '', 'dual abutment no hex DAB 55 15 NL', '73', '2015-01-01', 45.00, 2, 0, '', '', 7),
(306, '', 'dual abutment no hex DAB 55 25 NL', '73', '2015-01-01', 45.00, 2, 0, '', '', 7),
(307, '', 'dual abutment no hex DAB 55 35 NL', '73', '2015-01-01', 45.00, 2, 0, '', '', 7),
(308, '', 'dual abutment no hex DAB 55 45 NL', '73', '2015-01-01', 45.00, 2, 0, '', '', 7),
(309, '', 'dual abutment no hex DAB 55 55 NL', '73', '2015-01-01', 45.00, 2, 0, '', '', 7),
(310, '', 'dual abutment no hex DAB 65 15 NL', '73', '2015-01-01', 45.00, 2, 0, '', '', 7),
(311, '', 'dual abutment no hex DAB 65 25 NL', '73', '2015-01-01', 45.00, 2, 0, '', '', 7),
(312, '', 'dual abutment no hex DAB 65 35 NL', '73', '2015-01-01', 45.00, 2, 0, '', '', 7),
(313, '', 'dual abutment no hex DAB 65 45 NL', '73', '2015-01-01', 45.00, 2, 0, '', '', 7),
(314, '', 'dual abutment no hex DAB 65 55 NL', '73', '2015-01-01', 45.00, 2, 0, '', '', 7),
(315, '', 'dual milling abutment hex DAB 40 105 HL', '73', '2015-01-01', 45.00, 2, 0, '', '', 7),
(316, '', 'dual milling abutment hex DAB 45 156 HL', '73', '2015-01-01', 45.00, 2, 0, '', '', 7),
(317, '', 'dual milling abutment hex DAB 55 207 HL', '73', '2015-01-01', 45.00, 2, 0, '', '', 7),
(318, '', 'dual milling abutment hex DAB 55 307 HL', '73', '2015-01-01', 45.00, 2, 0, '', '', 7),
(319, '', 'dual milling abutment hex DAB 65 158 HL', '73', '2015-01-01', 45.00, 2, 0, '', '', 7),
(320, '', 'dual milling abutment hex DAB 65 258 HL', '73', '2015-01-01', 45.00, 2, 0, '', '', 7),
(321, '', 'dual milling abutment hex DAB 65 408 HL', '73', '2015-01-01', 45.00, 2, 0, '', '', 7),
(322, '', 'dual milling abutment no hex DAB 40 105 NL', '73', '2015-01-01', 45.00, 2, 0, '', '', 7),
(323, '', 'dual milling abutment no hex DAB 45 156 NL', '73', '2015-01-01', 45.00, 2, 0, '', '', 7),
(324, '', 'dual milling abutment no hex DAB 55 207 NL', '73', '2015-01-01', 45.00, 2, 0, '', '', 7),
(325, '', 'dual milling abutment no hex DAB 55 307 NL', '73', '2015-01-01', 45.00, 2, 0, '', '', 7),
(326, '', 'dual milling abutment no hex DAB 65 158 NL', '73', '2015-01-01', 45.00, 2, 0, '', '', 7),
(327, '', 'dual milling abutment no hex DAB 65 258 NL', '73', '2015-01-01', 45.00, 2, 0, '', '', 7),
(328, '', 'dual milling abutment no hex DAB 65 408 NL', '73', '2015-01-01', 45.00, 2, 0, '', '', 7),
(329, '', 'fixing screw', '73', '2015-01-01', 12.50, 2, 0, '', '', 7),
(330, '', 'transfer abutement hex DTF 40 11 HL', '73', '2015-01-01', 37.00, 2, 0, '', '', 7),
(331, '', 'transfer abutement hex DTF 40 15 HL', '73', '2015-01-01', 37.00, 2, 0, '', '', 7),
(332, '', 'transfer abutement hex DTF 45 11 HL', '73', '2015-01-01', 37.00, 2, 0, '', '', 7),
(333, '', 'transfer abutement hex DTF 45 15 HL', '73', '2015-01-01', 37.00, 2, 0, '', '', 7),
(334, '', 'transfer abutement hex DTF 55 11 HL', '73', '2015-01-01', 37.00, 2, 0, '', '', 7),
(335, '', 'transfer abutement hex DTF 55 15 HL', '73', '2015-01-01', 37.00, 2, 0, '', '', 7),
(336, '', 'transfer abutement hex DTF 66 11 HL', '73', '2015-01-01', 37.00, 2, 0, '', '', 7),
(337, '', 'transfer abutement hex DTF 66 15 HL', '73', '2015-01-01', 37.00, 2, 0, '', '', 7),
(338, '', 'transfer abutement no hex DTF 40 11 NL', '73', '2015-01-01', 37.00, 2, 0, '', '', 7),
(339, '', 'transfer abutement no hex DTF 40 15 NL', '73', '2015-01-01', 37.00, 2, 0, '', '', 7),
(340, '', 'transfer abutement no hex DTF 45 11 NL', '73', '2015-01-01', 37.00, 2, 0, '', '', 7),
(341, '', 'transfer abutement no hex DTF 45 15 NL', '73', '2015-01-01', 37.00, 2, 0, '', '', 7),
(342, '', 'transfer abutement no hex DTF 55 11 NL', '73', '2015-01-01', 37.00, 2, 0, '', '', 7),
(343, '', 'transfer abutement no hex DTF 55 15 NL', '73', '2015-01-01', 37.00, 2, 0, '', '', 7),
(344, '', 'transfer abutement no hex DTF 66 11 NL', '73', '2015-01-01', 37.00, 2, 0, '', '', 7),
(345, '', 'transfer abutement no hex DTF 66 15 NL', '73', '2015-01-01', 37.00, 2, 0, '', '', 7),
(346, '', 'fixing transfer screw DTS 11 ', '73', '2015-01-01', 37.00, 2, 0, '', '', 7),
(347, '', 'fixing transfer screw DTS 15 ', '73', '2015-01-01', 37.00, 2, 0, '', '', 7),
(348, '', 'pickup abutement hex DPU 40 11 HL', '73', '2015-01-01', 37.00, 2, 0, '', '', 7),
(349, '', 'pickup abutement hex DPU 40 15 HL', '73', '2015-01-01', 37.00, 2, 0, '', '', 7),
(350, '', 'pickup abutement hex DPU 45 11 HL', '73', '2015-01-01', 37.00, 2, 0, '', '', 7),
(351, '', 'pickup abutement hex DPU 45 15 HL', '73', '2015-01-01', 37.00, 2, 0, '', '', 7),
(352, '', 'pickup abutement hex DPU 55 11 HL', '73', '2015-01-01', 37.00, 2, 0, '', '', 7),
(353, '', 'pickup abutement hex DPU 55 15 HL', '73', '2015-01-01', 37.00, 2, 0, '', '', 7),
(354, '', 'pickup abutement hex DPU 66 11 HL', '73', '2015-01-01', 37.00, 2, 0, '', '', 7),
(355, '', 'pickup abutement hex DPU 65 15 HL', 'Выберите Страну', '0000-00-00', 37.00, 2, 0, '', '', 7),
(356, '', 'pickup abutement no hex DPU 40 11 NL', '73', '2015-01-01', 37.00, 2, 0, '', '', 7),
(357, '', 'pickup abutement no hex DPU 40 15 NL', '73', '2015-01-01', 37.00, 2, 0, '', '', 7),
(358, '', 'pickup abutement no hex DPU 45 11 NL', '73', '2015-01-01', 37.00, 2, 0, '', '', 7),
(359, '', 'pickup abutement no hex DPU 45 15 NL', '73', '2015-01-01', 37.00, 2, 0, '', '', 7),
(360, '', 'pickup abutement no hex DPU 55 11 NL', '73', '2015-01-01', 37.00, 2, 0, '', '', 7),
(361, '', 'pickup abutement no hex DPU 55 15 NL', '73', '2015-01-01', 37.00, 2, 0, '', '', 7),
(362, '', 'pickup abutement no hex DPU 66 11 NL', '73', '2015-01-01', 37.00, 2, 0, '', '', 7),
(363, '', 'pickup abutement no hex DPU 66 15 NL', '73', '2015-01-01', 37.00, 2, 0, '', '', 7),
(364, '', 'fixing pickup screw DPS 11 ', '73', '2015-01-01', 21.00, 2, 0, '', '', 7),
(365, '', 'fixing pickup screw DPS 15 ', '73', '2015-01-01', 21.00, 2, 0, '', '', 7),
(366, '', 'angled abutement hex AAB 15 45 20 HL', '73', '2015-01-01', 60.00, 2, 0, '', '', 7),
(367, '', 'angled abutement hex AAB 15 45 40 HL', '73', '2015-01-01', 60.00, 2, 0, '', '', 7),
(368, '', 'angled abutement hex AAB 15 55 20 HL', '73', '2015-01-01', 60.00, 2, 0, '', '', 7),
(369, '', 'angled abutement hex AAB 15 55 40 HL', '73', '2015-01-01', 60.00, 2, 0, '', '', 7),
(370, '', 'angled abutement hex AAB 25 45 10 HL', '73', '2015-01-01', 60.00, 2, 0, '', '', 7),
(371, '', 'angled abutement hex AAB 25 45 20 HL', '73', '2015-01-01', 60.00, 2, 0, '', '', 7),
(372, '', 'angled abutement hex AAB 25 45 40 HL', '73', '2015-01-01', 60.00, 2, 0, '', '', 7),
(373, '', 'angled abutement hex AAB 25 55 10 HL', '73', '2015-01-01', 60.00, 2, 0, '', '', 7),
(374, '', 'angled abutement hex AAB 25 55 20 HL', '73', '2015-01-01', 60.00, 2, 0, '', '', 7),
(375, '', 'angled abutement hex AAB 25 55 40 HL', '73', '2015-01-01', 60.00, 2, 0, '', '', 7),
(376, '', 'angled abutement no hex AAB 15 45 20 NL', '73', '2015-01-01', 60.00, 2, 0, '', '', 7),
(377, '', 'angled abutement no hex AAB 15 45 40 NL', '73', '2015-01-01', 60.00, 2, 0, '', '', 7),
(378, '', 'angled abutement no hex AAB 15 55 20 NL', '73', '2015-01-01', 60.00, 2, 0, '', '', 7),
(379, '', 'angled abutement no hex AAB 15 55 40 NL', '73', '2015-01-01', 60.00, 2, 0, '', '', 7),
(380, '', 'angled abutement no hex AAB 25 45 10 NL', '73', '2015-01-01', 60.00, 2, 0, '', '', 7),
(381, '', 'angled abutement no hex AAB 25 45 20 NL', '73', '2015-01-01', 60.00, 2, 0, '', '', 7),
(382, '', 'angled abutement no hex AAB 25 45 40 NL', '73', '2015-01-01', 60.00, 2, 0, '', '', 7),
(383, '', 'angled abutement no hex AAB 25 55 10 NL', '73', '2015-01-01', 60.00, 2, 0, '', '', 7),
(384, '', 'angled abutement no hex AAB 25 55 20 NL', '73', '2015-01-01', 60.00, 2, 0, '', '', 7),
(385, '211ev03384', 'angled abutement no hex AAB 25 55 40 NL', 'Выберите Страну', '0000-00-00', 60.00, 2, 0, '', '', 7),
(386, 'test', 'test', 'Франция', '0000-00-00', 12.00, 1, 125, '', '', 9),
(387, '', 'osteon II 0.5-1.0 (05 cc)', 'Республика Корея', '0000-00-00', 60.00, 2, 84, '', '', 7),
(388, '', 'osteon II 0.5-1.0 (1 cc)', 'Республика Корея', '0000-00-00', 100.00, 2, 19, '', '', 7),
(389, '', 'test', 'Куба', '0000-00-00', 12.00, 2, 17, '', '', 10),
(390, '', 'test dollar', 'Республика Корея', '0000-00-00', 50.00, 2, 98, '', '', 9),
(391, '', 'Osteon 2  |0.5-1.0| (2.0cc) ', 'Республика Корея', '0000-00-00', 200.00, 2, 18, '', '', 7),
(392, '', 'Osteon |1.0-2.0| (0.5cc)', 'Республика Корея', '0000-00-00', 60.00, 2, 74, '', '', 7),
(393, '', 'Osteon 2 |1.0-2.0|  (1.0cc)', 'Республика Корея', '0000-00-00', 100.00, 2, 62, '', '', 7),
(394, '', 'Osteon 2 |1.0.2.0| (2.0cc) ', 'Республика Корея', '0000-00-00', 200.00, 2, 13, '', '', 7),
(395, '', 'Osteon Collagen 6/5', 'Республика Корея', '0000-00-00', 60.00, 2, 149, '', '', 7),
(396, '', 'Osteon Collagen 6/10', 'Республика Корея', '0000-00-00', 100.00, 2, 113, '', '', 7),
(397, '', 'Osteon 2 Sinus 0.5 (крупный)', 'Республика Корея', '0000-00-00', 75.00, 2, 38, '', '', 7),
(398, '', 'Osteon 2 Sinus 05 (средний )', 'Республика Корея', '0000-00-00', 75.00, 2, 5, '', '', 7),
(399, '', 'Osteon 2 Lifting -0.25 (синий)', 'Республика Корея', '0000-00-00', 75.00, 2, 5, '', '', 7),
(400, '', 'Заглушки ', 'Республика Корея', '0000-00-00', 10.00, 2, 11, '', '', 7),
(401, '', 'Ирригатор', 'Республика Корея', '0000-00-00', 100.00, 2, 5, '', '', 9),
(402, '', 'Membrane 15/20', 'Франция', '0000-00-00', 100.00, 0, 67, '', '', 7),
(403, '', ' Collagen Membrane 15/20', 'Франция', '0000-00-00', 100.00, 2, 64, '', '', 7),
(404, '', 'Collagen Membrane 10/20', 'Франция', '0000-00-00', 60.00, 2, 56, '', '', 7),
(405, '', 'Collagen Membrane 20/30', 'Франция', '0000-00-00', 140.00, 2, 41, '', '', 7),
(406, '', 'Collagen Membarne 40/30', 'Республика Корея', '0000-00-00', 200.00, 2, 53, '', '', 7),
(407, '', 'Система ', 'Республика Корея', '0000-00-00', 10.00, 2, 194, '', '', 9);

-- --------------------------------------------------------

--
-- Структура таблицы `medicine_income`
--

CREATE TABLE IF NOT EXISTS `medicine_income` (
  `medicine_income_id` int(11) NOT NULL AUTO_INCREMENT,
  `medicine_income_medicine_id` int(11) NOT NULL,
  `medicine_income_price` decimal(10,2) NOT NULL,
  `medicine_income_currency_id` int(11) NOT NULL DEFAULT '1',
  `medicine_income_quantity` int(11) NOT NULL,
  `medicine_income_date` date NOT NULL,
  PRIMARY KEY (`medicine_income_id`)
) ENGINE=InnoDB  DEFAULT CHARSET=utf8 AUTO_INCREMENT=226 ;

--
-- Дамп данных таблицы `medicine_income`
--

INSERT INTO `medicine_income` (`medicine_income_id`, `medicine_income_medicine_id`, `medicine_income_price`, `medicine_income_currency_id`, `medicine_income_quantity`, `medicine_income_date`) VALUES
(1, 138, 90.00, 2, 0, '2017-02-14'),
(2, 138, 90.00, 2, 0, '2017-02-14'),
(3, 138, 90.00, 2, 0, '2017-02-14'),
(4, 139, 90.00, 2, 0, '2017-02-14'),
(5, 140, 90.00, 2, 0, '2017-02-14'),
(6, 165, 90.00, 2, 0, '2017-02-14'),
(7, 141, 90.00, 2, 0, '2017-02-15'),
(8, 141, 90.00, 2, 0, '2017-02-15'),
(9, 141, 90.00, 2, 0, '2017-02-15'),
(10, 142, 90.00, 2, 0, '2017-02-15'),
(11, 143, 90.00, 2, 0, '2017-02-15'),
(12, 143, 90.00, 2, 0, '2017-02-15'),
(13, 144, 90.00, 2, 0, '2017-02-15'),
(14, 145, 90.00, 2, 0, '2017-02-15'),
(15, 146, 90.00, 2, 0, '2017-02-15'),
(16, 147, 90.00, 2, 0, '2017-02-15'),
(17, 148, 90.00, 2, 0, '2017-02-15'),
(18, 149, 90.00, 2, 0, '2017-02-15'),
(19, 150, 90.00, 2, 0, '2017-02-15'),
(20, 151, 90.00, 2, 0, '2017-02-15'),
(21, 152, 90.00, 2, 0, '2017-02-15'),
(22, 153, 90.00, 2, 0, '2017-02-15'),
(23, 153, 90.00, 2, 0, '2017-02-15'),
(24, 154, 90.00, 2, 0, '2017-02-15'),
(25, 154, 90.00, 2, 0, '2017-02-15'),
(26, 155, 90.00, 2, 0, '2017-02-15'),
(27, 156, 90.00, 2, 0, '2017-02-15'),
(28, 156, 90.00, 2, 0, '2017-02-15'),
(29, 157, 90.00, 2, 0, '2017-02-15'),
(30, 158, 90.00, 2, 0, '2017-02-15'),
(31, 158, 90.00, 2, 0, '2017-02-15'),
(32, 159, 90.00, 2, 0, '2017-02-15'),
(33, 160, 90.00, 2, 0, '2017-02-15'),
(34, 161, 90.00, 2, 0, '2017-02-15'),
(35, 162, 90.00, 2, 0, '2017-02-15'),
(36, 163, 90.00, 2, 0, '2017-02-15'),
(37, 164, 90.00, 2, 0, '2017-02-15'),
(38, 33, 2.00, 1, 0, '2017-02-15'),
(39, 33, 2500.00, 1, 0, '2017-02-15'),
(40, 34, 2.00, 1, 0, '2017-02-15'),
(41, 34, 2500.00, 1, 0, '2017-02-15'),
(42, 35, 8.00, 1, 0, '2017-02-15'),
(43, 35, 8800.00, 1, 0, '2017-02-15'),
(44, 36, 2500.00, 1, 0, '2017-02-15'),
(45, 37, 8800.00, 1, 0, '2017-02-15'),
(46, 37, 8.00, 1, 0, '2017-02-15'),
(47, 37, 8800.00, 1, 0, '2017-02-15'),
(48, 37, 8.00, 1, 0, '2017-02-15'),
(49, 37, 8800.00, 1, 0, '2017-02-15'),
(50, 38, 2500.00, 1, 0, '2017-02-15'),
(51, 38, 2.00, 1, 0, '2017-02-15'),
(52, 38, 2500.00, 1, 0, '2017-02-15'),
(53, 39, 2500.00, 1, 0, '2017-02-15'),
(54, 39, 2.00, 1, 0, '2017-02-15'),
(55, 39, 2500.00, 1, 0, '2017-02-15'),
(56, 39, 2.00, 1, 0, '2017-02-15'),
(57, 39, 2500.00, 1, 0, '2017-02-15'),
(58, 40, 2500.00, 1, 0, '2017-02-15'),
(59, 41, 2500.00, 1, 0, '2017-02-15'),
(60, 42, 2.00, 1, 0, '2017-02-15'),
(61, 42, 2500.00, 1, 0, '2017-02-15'),
(62, 43, 2500.00, 1, 0, '2017-02-15'),
(63, 44, 2500.00, 1, 0, '2017-02-15'),
(64, 45, 2500.00, 1, 0, '2017-02-15'),
(65, 46, 2500.00, 1, 0, '2017-02-15'),
(66, 47, 2500.00, 1, 0, '2017-02-15'),
(67, 48, 2500.00, 1, 0, '2017-02-15'),
(68, 49, 2500.00, 1, 0, '2017-02-15'),
(69, 51, 2500.00, 1, 0, '2017-02-15'),
(70, 52, 2500.00, 1, 0, '2017-02-15'),
(71, 53, 8800.00, 1, 0, '2017-02-15'),
(72, 54, 3100.00, 1, 0, '2017-02-15'),
(73, 55, 3100.00, 1, 0, '2017-02-15'),
(74, 56, 3100.00, 1, 0, '2017-02-15'),
(75, 57, 2.00, 1, 0, '2017-02-15'),
(76, 57, 2500.00, 1, 0, '2017-02-15'),
(77, 58, 2500.00, 1, 0, '2017-02-15'),
(78, 59, 2500.00, 1, 0, '2017-02-15'),
(79, 60, 2500.00, 1, 0, '2017-02-15'),
(80, 61, 2500.00, 1, 0, '2017-02-15'),
(81, 63, 800.00, 1, 0, '2017-02-15'),
(82, 64, 800.00, 1, 0, '2017-02-15'),
(83, 65, 800.00, 1, 0, '2017-02-15'),
(84, 66, 800.00, 1, 0, '2017-02-15'),
(85, 72, 2200.00, 1, 0, '2017-02-16'),
(86, 50, 8800.00, 1, 0, '2017-02-16'),
(87, 67, 800.00, 1, 0, '2017-02-16'),
(88, 70, 17000.00, 1, 0, '2017-02-16'),
(89, 73, 300.00, 1, 0, '2017-02-16'),
(90, 77, 2100.00, 1, 0, '2017-02-16'),
(91, 77, 2.00, 1, 0, '2017-02-16'),
(92, 77, 2100.00, 1, 0, '2017-02-16'),
(93, 78, 300.00, 1, 0, '2017-02-16'),
(94, 80, 3600.00, 1, 0, '2017-02-16'),
(95, 83, 2500.00, 1, 0, '2017-02-16'),
(96, 81, 700.00, 1, 0, '2017-02-16'),
(97, 82, 700.00, 1, 0, '2017-02-16'),
(98, 84, 2500.00, 1, 0, '2017-02-16'),
(99, 89, 2.00, 1, 0, '2017-02-16'),
(100, 89, 2700.00, 1, 0, '2017-02-16'),
(101, 90, 2700.00, 1, 0, '2017-02-16'),
(102, 98, 2700.00, 1, 0, '2017-02-16'),
(103, 99, 2500.00, 1, 0, '2017-02-16'),
(104, 125, 600.00, 1, 0, '2017-02-16'),
(105, 124, 2200.00, 1, 0, '2017-02-16'),
(106, 130, 2300.00, 1, 0, '2017-02-16'),
(107, 131, 2100.00, 1, 0, '2017-02-16'),
(108, 19, 1.00, 1, 10, '2017-02-16'),
(109, 19, 1300.00, 1, 0, '2017-02-16'),
(110, 138, 90.00, 2, 27, '2017-02-18'),
(111, 139, 90.00, 2, 30, '2017-02-18'),
(112, 140, 90.00, 2, 30, '2017-02-18'),
(113, 141, 90.00, 2, 57, '2017-02-18'),
(114, 142, 90.00, 2, 94, '2017-02-18'),
(115, 143, 90.00, 2, 48, '2017-02-18'),
(116, 144, 90.00, 2, 18, '2017-02-18'),
(117, 145, 90.00, 2, 56, '2017-02-18'),
(118, 146, 90.00, 2, 85, '2017-02-18'),
(119, 147, 90.00, 2, 121, '2017-02-18'),
(120, 148, 90.00, 2, 39, '2017-02-18'),
(121, 149, 90.00, 2, 8, '2017-02-18'),
(122, 150, 90.00, 2, 138, '2017-02-18'),
(123, 151, 90.00, 2, 137, '2017-02-18'),
(124, 152, 90.00, 2, 76, '2017-02-18'),
(125, 153, 90.00, 2, 62, '2017-02-18'),
(126, 154, 90.00, 2, 15, '2017-02-18'),
(127, 155, 90.00, 2, 112, '2017-02-18'),
(128, 156, 90.00, 2, 55, '2017-02-18'),
(129, 157, 106.00, 2, 0, '2017-02-18'),
(130, 157, 90.00, 2, 106, '2017-02-18'),
(131, 158, 90.00, 2, 30, '2017-02-18'),
(132, 159, 90.00, 2, 14, '2017-02-18'),
(133, 160, 90.00, 2, 16, '2017-02-18'),
(134, 161, 90.00, 2, 21, '2017-02-18'),
(135, 162, 90.00, 2, 32, '2017-02-18'),
(136, 163, 90.00, 2, 32, '2017-02-18'),
(137, 164, 90.00, 2, 25, '2017-02-18'),
(138, 165, 90.00, 2, 31, '2017-02-18'),
(139, 175, 90.00, 2, 24, '2017-02-18'),
(140, 174, 90.00, 2, 1, '2017-02-18'),
(141, 176, 90.00, 2, 1, '2017-02-18'),
(142, 176, 90.00, 2, 1, '2017-02-18'),
(143, 386, 12.00, 1, 100, '2017-02-18'),
(144, 386, 12.00, 1, 20, '2017-02-18'),
(145, 387, 60.00, 1, 86, '2017-02-18'),
(146, 388, 100.00, 1, 22, '2017-02-18'),
(147, 389, 12.00, 1, 12, '2017-02-18'),
(148, 390, 50.00, 1, 100, '2017-02-18'),
(149, 386, 12.00, 1, 5, '2017-02-20'),
(150, 386, 12.00, 1, 10, '2017-02-20'),
(151, 386, 12.00, 1, 10, '2017-02-20'),
(152, 386, 12.00, 1, 12, '2017-02-20'),
(153, 389, 12.00, 2, 5, '2017-02-20'),
(154, 183, 60.00, 2, 12, '2017-02-20'),
(155, 184, 60.00, 2, 3, '2017-02-20'),
(156, 185, 60.00, 2, 39, '2017-02-20'),
(157, 186, 60.00, 2, 48, '2017-02-20'),
(158, 188, 60.00, 2, 18, '2017-02-20'),
(159, 187, 60.00, 2, 22, '2017-02-20'),
(160, 189, 60.00, 2, 22, '2017-02-20'),
(161, 190, 60.00, 2, 19, '2017-02-20'),
(162, 191, 60.00, 2, 18, '2017-02-20'),
(163, 192, 60.00, 2, 12, '2017-02-20'),
(164, 193, 60.00, 2, 13, '2017-02-20'),
(165, 194, 60.00, 2, 33, '2017-02-20'),
(166, 208, 60.00, 2, 12, '2017-02-20'),
(167, 209, 60.00, 2, 3, '2017-02-20'),
(168, 210, 60.00, 2, 39, '2017-02-20'),
(169, 211, 60.00, 2, 48, '2017-02-20'),
(170, 212, 60.00, 2, 22, '2017-02-20'),
(171, 213, 60.00, 2, 18, '2017-02-20'),
(172, 214, 60.00, 2, 22, '2017-02-20'),
(173, 215, 60.00, 2, 19, '2017-02-20'),
(174, 216, 60.00, 2, 18, '2017-02-20'),
(175, 217, 60.00, 2, 11, '2017-02-20'),
(176, 217, 60.00, 2, 1, '2017-02-20'),
(177, 218, 60.00, 2, 33, '2017-02-20'),
(178, 184, 60.00, 2, 9, '2017-02-20'),
(179, 391, 200.00, 1, 18, '2017-02-20'),
(180, 392, 60.00, 1, 74, '2017-02-20'),
(181, 393, 100.00, 1, 62, '2017-02-20'),
(182, 391, 200.00, 2, 0, '2017-02-20'),
(183, 392, 60.00, 2, 0, '2017-02-20'),
(184, 393, 100.00, 2, 0, '2017-02-20'),
(185, 394, 200.00, 1, 13, '2017-02-20'),
(186, 394, 200.00, 2, 0, '2017-02-20'),
(187, 395, 60.00, 1, 152, '2017-02-20'),
(188, 395, 60.00, 2, 0, '2017-02-20'),
(189, 396, 100.00, 1, 121, '2017-02-20'),
(190, 397, 75.00, 1, 40, '2017-02-20'),
(191, 398, 75.00, 1, 5, '2017-02-20'),
(192, 399, 75.00, 1, 5, '2017-02-20'),
(193, 219, 60.00, 2, 33, '2017-02-20'),
(194, 220, 60.00, 2, 12, '2017-02-20'),
(195, 221, 60.00, 2, 44, '2017-02-20'),
(196, 222, 60.00, 2, 22, '2017-02-20'),
(197, 223, 60.00, 2, 14, '2017-02-20'),
(198, 224, 60.00, 2, 34, '2017-02-20'),
(199, 225, 60.00, 2, 19, '2017-02-20'),
(200, 225, 60.00, 2, 15, '2017-02-20'),
(201, 225, 60.00, 2, 2, '2017-02-20'),
(202, 226, 60.00, 2, 19, '2017-02-20'),
(203, 227, 60.00, 2, 12, '2017-02-20'),
(204, 228, 60.00, 2, 28, '2017-02-20'),
(205, 229, 60.00, 2, 11, '2017-02-20'),
(206, 230, 60.00, 2, 22, '2017-02-20'),
(207, 231, 60.00, 2, 41, '2017-02-20'),
(208, 400, 10.00, 1, 5, '2017-02-21'),
(209, 395, 60.00, 2, 0, '2017-02-28'),
(210, 401, 100.00, 1, 10, '2017-02-28'),
(211, 401, 100.00, 2, 0, '2017-02-28'),
(212, 400, 10.00, 2, 20, '2017-02-28'),
(213, 402, 100.00, 1, 67, '2017-02-28'),
(214, 403, 100.00, 1, 67, '2017-02-28'),
(215, 403, 100.00, 2, 0, '2017-02-28'),
(216, 404, 60.00, 1, 58, '2017-02-28'),
(217, 405, 140.00, 1, 41, '2017-02-28'),
(218, 406, 200.00, 1, 53, '2017-02-28'),
(219, 209, 60.00, 2, 1, '2017-02-28'),
(220, 407, 10.00, 1, 200, '2017-03-04'),
(221, 241, 37.00, 2, 4, '2017-03-09'),
(222, 334, 37.00, 2, 5, '2017-03-09'),
(223, 355, 37.00, 2, 2, '2017-03-09'),
(224, 355, 37.00, 2, 0, '2017-03-09'),
(225, 355, 37.00, 2, 0, '2017-03-09');

-- --------------------------------------------------------

--
-- Структура таблицы `medicine_manufacture`
--

CREATE TABLE IF NOT EXISTS `medicine_manufacture` (
  `medicine_manufacture_id` int(11) NOT NULL AUTO_INCREMENT,
  `medicine_manufacture_name` varchar(200) NOT NULL,
  PRIMARY KEY (`medicine_manufacture_id`)
) ENGINE=InnoDB  DEFAULT CHARSET=utf8 AUTO_INCREMENT=11 ;

--
-- Дамп данных таблицы `medicine_manufacture`
--

INSERT INTO `medicine_manufacture` (`medicine_manufacture_id`, `medicine_manufacture_name`) VALUES
(6, 'Noritake'),
(7, 'Dentium'),
(8, 'Genoss'),
(9, 'Другое'),
(10, 'MCT');

-- --------------------------------------------------------

--
-- Структура таблицы `payment`
--

CREATE TABLE IF NOT EXISTS `payment` (
  `payment_id` int(11) NOT NULL AUTO_INCREMENT,
  `payment_client_id` int(11) NOT NULL,
  `payment_amount` decimal(10,0) NOT NULL,
  `payment_currency_id` int(11) NOT NULL DEFAULT '1',
  `payment_exchange_currency_id` int(11) NOT NULL DEFAULT '2',
  `payment_exchange_rate` decimal(10,2) NOT NULL DEFAULT '0.00',
  `payment_date` date NOT NULL,
  PRIMARY KEY (`payment_id`)
) ENGINE=InnoDB  DEFAULT CHARSET=utf8 AUTO_INCREMENT=65 ;

--
-- Дамп данных таблицы `payment`
--

INSERT INTO `payment` (`payment_id`, `payment_client_id`, `payment_amount`, `payment_currency_id`, `payment_exchange_currency_id`, `payment_exchange_rate`, `payment_date`) VALUES
(1, 54, 1000, 1, 2, 0.00, '2017-02-13'),
(2, 54, 100, 2, 1, 69.00, '2017-02-13'),
(3, 50, 13000, 1, 2, 0.00, '2017-02-16'),
(4, 50, 13000, 1, 2, 0.00, '2017-02-16'),
(5, 50, 13000, 1, 2, 0.00, '2017-02-16'),
(6, 57, 24, 1, 2, 0.00, '2017-02-18'),
(7, 57, 24, 1, 2, 0.00, '2017-02-18'),
(8, 57, 1, 2, 1, 69.00, '2017-02-18'),
(9, 57, 69, 1, 2, 0.00, '2017-02-18'),
(10, 57, 24, 1, 2, 0.00, '2017-02-18'),
(11, 57, 100, 1, 2, 0.00, '2017-02-18'),
(12, 57, 100, 1, 2, 0.00, '2017-02-18'),
(13, 57, 240, 1, 2, 0.00, '2017-02-18'),
(14, 57, 7000, 1, 2, 60.00, '2017-02-18'),
(15, 57, 7000, 1, 2, 60.00, '2017-02-18'),
(16, 63, 60, 2, 2, 0.00, '2017-02-28'),
(17, 63, 60, 2, 2, 0.00, '2017-02-28'),
(18, 63, 60, 2, 2, 0.00, '2017-02-28'),
(19, 69, 60, 2, 2, 0.00, '2017-02-28'),
(20, 69, 180, 2, 2, 0.00, '2017-02-28'),
(21, 69, 180, 2, 2, 0.00, '2017-02-28'),
(22, 71, 300, 2, 2, 0.00, '2017-02-28'),
(23, 71, 20, 2, 2, 0.00, '2017-02-28'),
(24, 71, 180, 2, 2, 0.00, '2017-02-28'),
(25, 63, 500, 2, 2, 0.00, '2017-02-28'),
(26, 63, 500, 2, 2, 0.00, '2017-02-28'),
(27, 29, 500, 2, 2, 0.00, '2017-02-28'),
(28, 29, 300, 2, 2, 0.00, '2017-02-28'),
(29, 72, 160, 2, 1, 69.10, '2017-02-28'),
(30, 72, 11, 1, 2, 69.10, '2017-02-28'),
(31, 72, 60, 2, 2, 0.00, '2017-02-28'),
(32, 72, 100, 2, 2, 0.00, '2017-02-28'),
(33, 69, 300, 2, 2, 0.00, '2017-02-28'),
(34, 69, 120, 2, 2, 0.00, '2017-02-28'),
(35, 69, 120, 2, 2, 0.00, '2017-02-28'),
(36, 69, 60, 2, 2, 0.00, '2017-02-28'),
(37, 65, 600, 2, 2, 0.00, '2017-03-04'),
(38, 65, 60, 2, 2, 0.00, '2017-03-04'),
(39, 65, 180, 2, 2, 0.00, '2017-03-04'),
(40, 75, 60, 2, 2, 0.00, '2017-03-04'),
(41, 78, 12, 1, 2, 0.00, '2017-03-09'),
(42, 78, 180, 2, 2, 0.00, '2017-03-09'),
(43, 78, 180, 2, 2, 0.00, '2017-03-09'),
(44, 44, 160, 2, 2, 0.00, '2017-03-09'),
(45, 44, 120, 2, 2, 0.00, '2017-03-09'),
(46, 44, 40, 2, 2, 0.00, '2017-03-09'),
(47, 63, 90, 2, 2, 0.00, '2017-03-09'),
(48, 63, 90, 2, 2, 0.00, '2017-03-09'),
(49, 63, 90, 2, 2, 0.00, '2017-03-09'),
(50, 63, 90, 2, 2, 0.00, '2017-03-09'),
(51, 63, 270, 2, 2, 0.00, '2017-03-09'),
(52, 63, 180, 2, 2, 0.00, '2017-03-09'),
(53, 63, 60, 2, 2, 0.00, '2017-03-09'),
(54, 63, 100, 2, 2, 0.00, '2017-03-09'),
(55, 63, 65, 2, 2, 0.00, '2017-03-09'),
(56, 73, 110, 2, 2, 0.00, '2017-03-09'),
(57, 73, 90, 2, 2, 0.00, '2017-03-09'),
(58, 73, 20, 2, 2, 0.00, '2017-03-09'),
(59, 62, 180, 2, 2, 0.00, '2017-03-09'),
(60, 62, 60, 2, 2, 0.00, '2017-03-09'),
(61, 62, 60, 2, 2, 0.00, '2017-03-09'),
(62, 62, 60, 2, 2, 0.00, '2017-03-09'),
(63, 80, 90, 2, 2, 0.00, '2017-03-09'),
(64, 80, 90, 2, 2, 0.00, '2017-03-09');

-- --------------------------------------------------------

--
-- Структура таблицы `sale`
--

CREATE TABLE IF NOT EXISTS `sale` (
  `sale_id` int(11) NOT NULL AUTO_INCREMENT,
  `sale_client_id` int(11) NOT NULL,
  `sale_medicine_id` int(11) NOT NULL,
  `sale_quantity` int(11) NOT NULL,
  `sale_price` decimal(10,0) NOT NULL,
  `sale_currency_id` int(11) NOT NULL DEFAULT '1',
  `sale_status` varchar(30) NOT NULL,
  `sale_date` date NOT NULL,
  PRIMARY KEY (`sale_id`)
) ENGINE=InnoDB  DEFAULT CHARSET=utf8 AUTO_INCREMENT=213 ;

--
-- Дамп данных таблицы `sale`
--

INSERT INTO `sale` (`sale_id`, `sale_client_id`, `sale_medicine_id`, `sale_quantity`, `sale_price`, `sale_currency_id`, `sale_status`, `sale_date`) VALUES
(38, 29, 17, 1, 1300, 1, 'pending', '2014-09-02'),
(40, 54, 137, 1, 1000, 1, 'paid', '2014-09-02'),
(42, 57, 386, 2, 12, 1, 'paid', '2017-02-18'),
(43, 57, 386, 2, 12, 1, 'paid', '2017-02-18'),
(44, 57, 386, 20, 12, 1, 'paid', '2017-02-18'),
(45, 57, 390, 2, 50, 2, 'pending', '2017-02-18'),
(46, 58, 386, 5, 0, 1, 'paid', '2017-02-20'),
(47, 59, 183, 7, 0, 2, 'paid', '2017-02-20'),
(48, 59, 185, 27, 0, 2, 'paid', '2017-02-20'),
(49, 59, 186, 43, 0, 2, 'paid', '2017-02-20'),
(50, 59, 218, 20, 0, 2, 'paid', '2017-02-20'),
(51, 60, 400, 5, 10, 2, 'pending', '2017-02-21'),
(52, 61, 219, 3, 60, 2, 'pending', '2017-02-21'),
(55, 61, 225, 2, 60, 2, 'pending', '2017-02-21'),
(56, 61, 221, 1, 60, 2, 'pending', '2017-02-22'),
(57, 61, 226, 2, 60, 2, 'pending', '2017-02-22'),
(67, 63, 145, 1, 90, 2, 'paid', '2017-02-28'),
(68, 63, 146, 1, 90, 2, 'paid', '2017-02-28'),
(70, 63, 141, 1, 90, 2, 'paid', '2017-02-28'),
(71, 63, 149, 1, 90, 2, 'paid', '2017-02-28'),
(72, 63, 145, 2, 90, 2, 'paid', '2017-02-28'),
(73, 63, 151, 3, 90, 2, 'paid', '2017-02-28'),
(76, 64, 158, 1, 90, 2, 'pending', '2017-02-28'),
(77, 64, 159, 1, 90, 2, 'pending', '2017-02-28'),
(78, 64, 396, 1, 100, 2, 'pending', '2017-02-28'),
(79, 63, 395, 1, 60, 2, 'paid', '2017-02-28'),
(81, 65, 220, 1, 60, 2, 'paid', '2017-02-28'),
(82, 65, 143, 2, 90, 2, 'paid', '2017-02-28'),
(84, 66, 224, 2, 60, 2, 'pending', '2017-02-28'),
(85, 66, 225, 2, 60, 2, 'pending', '2017-02-28'),
(86, 66, 230, 2, 60, 2, 'pending', '2017-02-28'),
(87, 67, 401, 1, 100, 2, 'pending', '2017-02-28'),
(88, 68, 146, 3, 90, 2, 'pending', '2017-02-28'),
(89, 68, 147, 2, 90, 2, 'pending', '2017-02-28'),
(90, 68, 151, 4, 90, 2, 'pending', '2017-02-28'),
(91, 68, 150, 3, 90, 2, 'pending', '2017-02-28'),
(92, 68, 155, 6, 90, 2, 'pending', '2017-02-28'),
(93, 68, 157, 2, 90, 2, 'pending', '2017-02-28'),
(94, 68, 159, 1, 90, 2, 'pending', '2017-02-28'),
(95, 68, 160, 1, 90, 2, 'pending', '2017-02-28'),
(96, 68, 161, 2, 90, 2, 'pending', '2017-02-28'),
(97, 68, 163, 1, 90, 2, 'pending', '2017-02-28'),
(98, 68, 164, 1, 90, 2, 'pending', '2017-02-28'),
(99, 68, 156, 4, 90, 2, 'pending', '2017-02-28'),
(100, 69, 208, 1, 60, 2, 'paid', '2017-02-28'),
(101, 69, 209, 3, 60, 2, 'paid', '2017-02-28'),
(103, 70, 141, 2, 90, 2, 'pending', '2017-02-28'),
(109, 70, 155, 1, 90, 2, 'pending', '2017-02-28'),
(110, 70, 156, 1, 90, 2, 'pending', '2017-02-28'),
(112, 67, 401, 1, 100, 2, 'pending', '2017-02-28'),
(113, 70, 145, 1, 90, 2, 'pending', '2017-02-28'),
(114, 70, 400, 1, 10, 2, 'pending', '2017-02-28'),
(115, 70, 400, 4, 10, 2, 'pending', '2017-02-28'),
(116, 71, 400, 2, 10, 2, 'paid', '2017-02-28'),
(118, 71, 150, 2, 90, 2, 'paid', '2017-02-28'),
(120, 63, 395, 1, 60, 2, 'paid', '2017-02-28'),
(122, 29, 220, 5, 60, 2, 'paid', '2017-02-28'),
(123, 72, 387, 1, 60, 2, 'paid', '2017-02-28'),
(124, 72, 403, 1, 100, 2, 'paid', '2017-02-28'),
(128, 64, 154, 1, 90, 2, 'pending', '2017-02-28'),
(129, 64, 159, 1, 90, 2, 'pending', '2017-02-28'),
(130, 64, 163, 1, 90, 2, 'pending', '2017-02-28'),
(131, 69, 212, 2, 60, 2, 'paid', '2017-02-28'),
(132, 69, 208, 2, 60, 2, 'paid', '2017-02-28'),
(133, 69, 209, 1, 60, 2, 'paid', '2017-02-28'),
(134, 64, 153, 1, 90, 2, 'pending', '2017-03-04'),
(135, 64, 148, 1, 90, 2, 'pending', '2017-03-04'),
(139, 63, 146, 2, 90, 2, 'pending', '2017-03-04'),
(143, 63, 403, 1, 100, 2, 'paid', '2017-03-04'),
(144, 63, 388, 1, 100, 2, 'pending', '2017-03-04'),
(148, 73, 146, 1, 90, 2, 'paid', '2017-03-04'),
(150, 73, 407, 2, 10, 2, 'paid', '2017-03-04'),
(151, 74, 145, 2, 0, 2, 'paid', '2017-03-04'),
(152, 74, 150, 2, 0, 2, 'paid', '2017-03-04'),
(153, 74, 396, 2, 0, 2, 'paid', '2017-03-04'),
(154, 74, 140, 4, 0, 2, 'paid', '2017-03-04'),
(155, 74, 145, 2, 0, 2, 'paid', '2017-03-04'),
(156, 74, 146, 2, 0, 2, 'paid', '2017-03-04'),
(157, 74, 397, 2, 0, 2, 'paid', '2017-03-04'),
(158, 74, 396, 3, 0, 2, 'paid', '2017-03-04'),
(159, 64, 401, 3, 85, 2, 'pending', '2017-03-04'),
(160, 29, 221, 2, 60, 2, 'pending', '2017-03-04'),
(163, 44, 215, 2, 60, 2, 'paid', '2017-03-04'),
(165, 75, 387, 1, 60, 2, 'paid', '2017-03-04'),
(166, 77, 334, 5, 37, 2, 'pending', '2017-03-09'),
(167, 77, 241, 4, 37, 2, 'pending', '2017-03-09'),
(168, 77, 155, 2, 90, 2, 'pending', '2017-03-09'),
(169, 78, 155, 2, 90, 2, 'paid', '2017-03-09'),
(170, 79, 388, 2, 100, 2, 'pending', '2017-03-09'),
(171, 79, 404, 2, 60, 2, 'pending', '2017-03-09'),
(172, 44, 407, 4, 10, 2, 'paid', '2017-03-09'),
(175, 80, 153, 1, 90, 2, 'paid', '2017-03-09'),
(176, 81, 139, 3, 90, 2, 'pending', '2017-03-09'),
(177, 81, 140, 3, 90, 2, 'pending', '2017-03-09'),
(178, 81, 141, 3, 90, 2, 'pending', '2017-03-09'),
(179, 81, 144, 4, 90, 2, 'pending', '2017-03-09'),
(180, 81, 145, 4, 90, 2, 'pending', '2017-03-09'),
(181, 81, 146, 2, 90, 2, 'pending', '2017-03-09'),
(182, 81, 149, 2, 90, 2, 'pending', '2017-03-09'),
(184, 81, 150, 2, 90, 2, 'pending', '2017-03-09'),
(185, 81, 151, 2, 90, 2, 'pending', '2017-03-09'),
(186, 81, 154, 2, 90, 2, 'pending', '2017-03-09'),
(187, 81, 155, 1, 90, 2, 'pending', '2017-03-09'),
(188, 81, 163, 1, 90, 2, 'pending', '2017-03-09'),
(189, 81, 164, 1, 90, 2, 'pending', '2017-03-09'),
(190, 81, 396, 2, 100, 2, 'pending', '2017-03-09'),
(191, 81, 403, 1, 100, 2, 'pending', '2017-03-09'),
(192, 81, 214, 1, 60, 2, 'pending', '2017-03-09'),
(193, 81, 215, 1, 60, 2, 'pending', '2017-03-09'),
(194, 81, 219, 1, 60, 2, 'pending', '2017-03-09'),
(195, 81, 220, 1, 60, 2, 'pending', '2017-03-09'),
(196, 81, 225, 1, 60, 2, 'pending', '2017-03-09'),
(197, 81, 224, 1, 60, 2, 'pending', '2017-03-09'),
(198, 70, 138, 1, 90, 2, 'pending', '2017-03-09'),
(199, 70, 139, 1, 90, 2, 'pending', '2017-03-09'),
(200, 70, 140, 1, 90, 2, 'pending', '2017-03-09'),
(203, 70, 143, 1, 90, 2, 'pending', '2017-03-09'),
(204, 70, 144, 1, 90, 2, 'pending', '2017-03-09'),
(205, 70, 145, 1, 90, 2, 'pending', '2017-03-09'),
(206, 70, 400, 2, 10, 2, 'pending', '2017-03-09'),
(207, 62, 211, 1, 60, 2, 'paid', '2017-03-09'),
(208, 62, 216, 1, 60, 2, 'paid', '2017-03-09'),
(209, 62, 221, 1, 60, 2, 'paid', '2017-03-09'),
(210, 82, 395, 1, 60, 2, 'pending', '2017-03-09'),
(212, 37, 355, 2, 37, 2, 'pending', '2017-03-09');

-- --------------------------------------------------------

--
-- Структура таблицы `sale_transaction`
--

CREATE TABLE IF NOT EXISTS `sale_transaction` (
  `sale_transaction_id` int(11) NOT NULL AUTO_INCREMENT,
  `sale_transaction_sale_id` int(11) NOT NULL,
  `sale_transaction_price` decimal(10,2) NOT NULL,
  `sale_transaction_currency_id` int(11) NOT NULL DEFAULT '1',
  `sale_transaction_quantity` int(11) NOT NULL,
  `sale_transaction_date` date NOT NULL,
  PRIMARY KEY (`sale_transaction_id`)
) ENGINE=InnoDB  DEFAULT CHARSET=utf8 AUTO_INCREMENT=341 ;

--
-- Дамп данных таблицы `sale_transaction`
--

INSERT INTO `sale_transaction` (`sale_transaction_id`, `sale_transaction_sale_id`, `sale_transaction_price`, `sale_transaction_currency_id`, `sale_transaction_quantity`, `sale_transaction_date`) VALUES
(69, 38, 1300.00, 1, 1, '2014-09-02'),
(70, 39, 1000.00, 1, 2, '2014-09-02'),
(71, 40, 1000.00, 1, 1, '2014-09-02'),
(72, 39, 0.00, 1, -1, '2014-09-02'),
(73, 39, 0.00, 1, -1, '2017-02-13'),
(76, 42, 12.00, 1, 5, '2017-02-18'),
(77, 42, 0.00, 1, -3, '2017-02-18'),
(78, 42, 12.00, 1, 2, '2017-02-18'),
(79, 43, 12.00, 1, 2, '2017-02-18'),
(80, 43, 12.00, 1, 2, '2017-02-18'),
(81, 44, 12.00, 1, 20, '2017-02-18'),
(82, 44, 12.00, 1, 20, '2017-02-18'),
(83, 45, 50.00, 2, 2, '2017-02-18'),
(84, 46, 0.00, 1, 5, '2017-02-20'),
(85, 47, 0.00, 2, 7, '2017-02-20'),
(86, 48, 0.00, 2, 27, '2017-02-20'),
(87, 49, 0.00, 2, 43, '2017-02-20'),
(88, 50, 0.00, 2, 20, '2017-02-20'),
(89, 51, 10.00, 2, 5, '2017-02-21'),
(90, 52, 60.00, 2, 3, '2017-02-21'),
(91, 53, 60.00, 2, 3, '2017-02-21'),
(92, 54, 60.00, 2, 2, '2017-02-21'),
(93, 55, 60.00, 2, 2, '2017-02-21'),
(94, 53, 0.00, 2, -3, '2017-02-22'),
(95, 54, 0.00, 2, -2, '2017-02-22'),
(96, 56, 60.00, 2, 1, '2017-02-22'),
(97, 57, 60.00, 2, 2, '2017-02-22'),
(98, 58, 90.00, 2, 4, '2017-02-22'),
(99, 59, 90.00, 2, 1, '2017-02-22'),
(100, 60, 90.00, 2, 2, '2017-02-22'),
(101, 61, 90.00, 2, 1, '2017-02-22'),
(102, 62, 90.00, 2, 1, '2017-02-22'),
(103, 63, 90.00, 2, 3, '2017-02-22'),
(104, 62, 0.00, 2, -1, '2017-02-22'),
(105, 64, 60.00, 2, 1, '2017-02-22'),
(106, 65, 60.00, 2, 1, '2017-02-22'),
(107, 66, 60.00, 2, 1, '2017-02-22'),
(108, 67, 90.00, 2, 3, '2017-02-28'),
(109, 68, 90.00, 2, 2, '2017-02-28'),
(110, 69, 90.00, 2, 2, '2017-02-28'),
(111, 70, 90.00, 2, 2, '2017-02-28'),
(112, 71, 90.00, 2, 1, '2017-02-28'),
(113, 72, 90.00, 2, 3, '2017-02-28'),
(114, 73, 90.00, 2, 3, '2017-02-28'),
(115, 74, 90.00, 2, 1, '2017-02-28'),
(116, 75, 90.00, 2, 1, '2017-02-28'),
(117, 76, 90.00, 2, 1, '2017-02-28'),
(118, 77, 90.00, 2, 1, '2017-02-28'),
(119, 78, 100.00, 2, 1, '2017-02-28'),
(120, 79, 60.00, 2, 1, '2017-02-28'),
(121, 80, 60.00, 2, 2, '2017-02-28'),
(122, 81, 60.00, 2, 2, '2017-02-28'),
(123, 82, 90.00, 2, 2, '2017-02-28'),
(124, 83, 90.00, 2, 2, '2017-02-28'),
(125, 84, 60.00, 2, 2, '2017-02-28'),
(126, 85, 60.00, 2, 2, '2017-02-28'),
(127, 86, 60.00, 2, 2, '2017-02-28'),
(128, 87, 100.00, 2, 1, '2017-02-28'),
(129, 79, 60.00, 2, 1, '2017-02-28'),
(130, 88, 90.00, 2, 3, '2017-02-28'),
(131, 89, 90.00, 2, 2, '2017-02-28'),
(132, 90, 90.00, 2, 4, '2017-02-28'),
(133, 91, 90.00, 2, 3, '2017-02-28'),
(134, 92, 90.00, 2, 6, '2017-02-28'),
(135, 93, 90.00, 2, 2, '2017-02-28'),
(136, 94, 90.00, 2, 1, '2017-02-28'),
(137, 95, 90.00, 2, 1, '2017-02-28'),
(138, 96, 90.00, 2, 2, '2017-02-28'),
(139, 97, 90.00, 2, 1, '2017-02-28'),
(140, 98, 90.00, 2, 1, '2017-02-28'),
(141, 99, 90.00, 2, 4, '2017-02-28'),
(142, 100, 60.00, 2, 1, '2017-02-28'),
(143, 101, 60.00, 2, 3, '2017-02-28'),
(144, 101, 60.00, 2, 3, '2017-02-28'),
(145, 102, 90.00, 2, 6, '2017-02-28'),
(146, 103, 90.00, 2, 6, '2017-02-28'),
(147, 104, 90.00, 2, 6, '2017-02-28'),
(148, 105, 90.00, 2, 6, '2017-02-28'),
(149, 106, 90.00, 2, 6, '2017-02-28'),
(150, 107, 90.00, 2, 6, '2017-02-28'),
(151, 108, 90.00, 2, 6, '2017-02-28'),
(152, 109, 90.00, 2, 6, '2017-02-28'),
(153, 110, 90.00, 2, 6, '2017-02-28'),
(154, 108, 0.00, 2, -6, '2017-02-28'),
(155, 111, 100.00, 2, 1, '2017-02-28'),
(156, 112, 100.00, 2, 1, '2017-02-28'),
(157, 102, 0.00, 2, -5, '2017-02-28'),
(158, 102, 0.00, 2, -1, '2017-02-28'),
(159, 103, 0.00, 2, -4, '2017-02-28'),
(160, 110, 0.00, 2, -5, '2017-02-28'),
(161, 109, 0.00, 2, -5, '2017-02-28'),
(162, 106, 0.00, 2, -6, '2017-02-28'),
(163, 104, 0.00, 2, -6, '2017-02-28'),
(164, 107, 0.00, 2, -6, '2017-02-28'),
(165, 105, 0.00, 2, -6, '2017-02-28'),
(166, 113, 90.00, 2, 1, '2017-02-28'),
(167, 111, 0.00, 2, -1, '2017-02-28'),
(168, 114, 10.00, 2, 6, '2017-02-28'),
(169, 114, 0.00, 2, -1, '2017-02-28'),
(170, 114, 0.00, 2, -4, '2017-02-28'),
(171, 115, 10.00, 2, 4, '2017-02-28'),
(172, 116, 10.00, 2, 2, '2017-02-28'),
(173, 117, 90.00, 2, 1, '2017-02-28'),
(174, 118, 90.00, 2, 2, '2017-02-28'),
(175, 119, 90.00, 2, 2, '2017-02-28'),
(176, 120, 60.00, 2, 1, '2017-02-28'),
(177, 119, 0.00, 2, -2, '2017-02-28'),
(178, 117, 0.00, 2, -1, '2017-02-28'),
(179, 116, 10.00, 2, 2, '2017-02-28'),
(180, 118, 90.00, 2, 2, '2017-02-28'),
(181, 121, 60.00, 2, 1, '2017-02-28'),
(182, 121, 0.00, 2, -1, '2017-02-28'),
(183, 122, 60.00, 2, 5, '2017-02-28'),
(184, 122, 60.00, 2, 5, '2017-02-28'),
(185, 123, 60.00, 2, 1, '2017-02-28'),
(186, 124, 100.00, 2, 1, '2017-02-28'),
(187, 123, 60.00, 2, 1, '2017-02-28'),
(188, 124, 100.00, 2, 1, '2017-02-28'),
(189, 125, 90.00, 2, 4, '2017-02-28'),
(190, 126, 90.00, 2, 3, '2017-02-28'),
(191, 127, 90.00, 2, 1, '2017-02-28'),
(192, 128, 90.00, 2, 1, '2017-02-28'),
(193, 129, 90.00, 2, 1, '2017-02-28'),
(194, 130, 90.00, 2, 1, '2017-02-28'),
(195, 131, 60.00, 2, 2, '2017-02-28'),
(196, 132, 60.00, 2, 2, '2017-02-28'),
(197, 133, 60.00, 2, 1, '2017-02-28'),
(198, 131, 60.00, 2, 2, '2017-02-28'),
(199, 132, 60.00, 2, 2, '2017-02-28'),
(200, 133, 60.00, 2, 1, '2017-02-28'),
(201, 134, 90.00, 2, 1, '2017-03-04'),
(202, 135, 90.00, 2, 1, '2017-03-04'),
(203, 136, 90.00, 2, 6, '2017-03-04'),
(204, 137, 90.00, 2, 1, '2017-03-04'),
(205, 138, 90.00, 2, 3, '2017-03-04'),
(206, 139, 90.00, 2, 2, '2017-03-04'),
(207, 140, 90.00, 2, 1, '2017-03-04'),
(208, 140, 0.00, 2, -1, '2017-03-04'),
(209, 138, 0.00, 2, -3, '2017-03-04'),
(210, 141, 90.00, 2, 1, '2017-03-04'),
(211, 142, 90.00, 2, 3, '2017-03-04'),
(212, 143, 100.00, 2, 1, '2017-03-04'),
(213, 144, 100.00, 2, 1, '2017-03-04'),
(214, 145, 90.00, 2, 1, '2017-03-04'),
(215, 146, 90.00, 2, 1, '2017-03-04'),
(216, 147, 90.00, 2, 1, '2017-03-04'),
(217, 148, 90.00, 2, 1, '2017-03-04'),
(218, 149, 90.00, 2, 1, '2017-03-04'),
(219, 150, 10.00, 2, 2, '2017-03-04'),
(220, 83, 0.00, 2, -2, '2017-03-04'),
(221, 80, 0.00, 2, -2, '2017-03-04'),
(222, 81, 0.00, 2, -1, '2017-03-04'),
(223, 81, 60.00, 2, 1, '2017-03-04'),
(224, 82, 90.00, 2, 2, '2017-03-04'),
(225, 151, 0.00, 2, 2, '2017-03-04'),
(226, 152, 0.00, 2, 2, '2017-03-04'),
(227, 153, 0.00, 2, 2, '2017-03-04'),
(228, 125, 0.00, 2, -4, '2017-03-04'),
(229, 127, 0.00, 2, -1, '2017-03-04'),
(230, 126, 0.00, 2, -3, '2017-03-04'),
(231, 75, 0.00, 2, -1, '2017-03-04'),
(232, 154, 0.00, 2, 4, '2017-03-04'),
(233, 155, 0.00, 2, 2, '2017-03-04'),
(234, 156, 0.00, 2, 2, '2017-03-04'),
(235, 157, 0.00, 2, 2, '2017-03-04'),
(236, 158, 0.00, 2, 3, '2017-03-04'),
(237, 159, 85.00, 2, 3, '2017-03-04'),
(238, 160, 60.00, 2, 2, '2017-03-04'),
(239, 161, 60.00, 2, 2, '2017-03-04'),
(240, 162, 60.00, 2, 2, '2017-03-04'),
(241, 163, 60.00, 2, 2, '2017-03-04'),
(242, 164, 60.00, 2, 2, '2017-03-04'),
(243, 165, 60.00, 2, 1, '2017-03-04'),
(244, 166, 37.00, 2, 5, '2017-03-09'),
(245, 167, 37.00, 2, 4, '2017-03-09'),
(246, 168, 90.00, 2, 2, '2017-03-09'),
(247, 169, 90.00, 2, 2, '2017-03-09'),
(248, 169, 90.00, 2, 2, '2017-03-09'),
(249, 170, 100.00, 2, 2, '2017-03-09'),
(250, 171, 60.00, 2, 2, '2017-03-09'),
(251, 164, 0.00, 2, -2, '2017-03-09'),
(252, 161, 0.00, 2, -2, '2017-03-09'),
(253, 162, 0.00, 2, -2, '2017-03-09'),
(254, 172, 10.00, 2, 4, '2017-03-09'),
(255, 163, 60.00, 2, 2, '2017-03-09'),
(256, 172, 10.00, 2, 4, '2017-03-09'),
(257, 69, 0.00, 2, -2, '2017-03-09'),
(258, 70, 0.00, 2, -1, '2017-03-09'),
(259, 67, 0.00, 2, -1, '2017-03-09'),
(260, 67, 0.00, 2, -1, '2017-03-09'),
(261, 68, 0.00, 2, -1, '2017-03-09'),
(262, 141, 0.00, 2, -1, '2017-03-09'),
(263, 72, 0.00, 2, -1, '2017-03-09'),
(264, 136, 0.00, 2, -1, '2017-03-09'),
(265, 142, 0.00, 2, -3, '2017-03-09'),
(266, 74, 0.00, 2, -1, '2017-03-09'),
(267, 137, 0.00, 2, -1, '2017-03-09'),
(268, 67, 90.00, 2, 1, '2017-03-09'),
(269, 68, 90.00, 2, 1, '2017-03-09'),
(270, 71, 90.00, 2, 1, '2017-03-09'),
(271, 70, 90.00, 2, 1, '2017-03-09'),
(272, 73, 90.00, 2, 3, '2017-03-09'),
(273, 72, 90.00, 2, 2, '2017-03-09'),
(274, 120, 60.00, 2, 1, '2017-03-09'),
(275, 143, 100.00, 2, 1, '2017-03-09'),
(276, 136, 0.00, 2, -5, '2017-03-09'),
(277, 146, 0.00, 2, -1, '2017-03-09'),
(278, 145, 0.00, 2, -1, '2017-03-09'),
(279, 147, 0.00, 2, -1, '2017-03-09'),
(280, 149, 0.00, 2, -1, '2017-03-09'),
(281, 148, 90.00, 2, 1, '2017-03-09'),
(282, 150, 10.00, 2, 2, '2017-03-09'),
(283, 173, 90.00, 2, 1, '2017-03-09'),
(284, 174, 90.00, 2, 1, '2017-03-09'),
(285, 175, 90.00, 2, 1, '2017-03-09'),
(286, 176, 90.00, 2, 3, '2017-03-09'),
(287, 177, 90.00, 2, 3, '2017-03-09'),
(288, 178, 90.00, 2, 3, '2017-03-09'),
(289, 179, 90.00, 2, 4, '2017-03-09'),
(290, 180, 90.00, 2, 4, '2017-03-09'),
(291, 181, 90.00, 2, 2, '2017-03-09'),
(292, 182, 90.00, 2, 2, '2017-03-09'),
(293, 183, 90.00, 2, 2, '2017-03-09'),
(294, 183, 0.00, 2, -2, '2017-03-09'),
(295, 184, 90.00, 2, 2, '2017-03-09'),
(296, 185, 90.00, 2, 2, '2017-03-09'),
(297, 186, 90.00, 2, 2, '2017-03-09'),
(298, 187, 90.00, 2, 1, '2017-03-09'),
(299, 188, 90.00, 2, 1, '2017-03-09'),
(300, 189, 90.00, 2, 1, '2017-03-09'),
(301, 190, 100.00, 2, 2, '2017-03-09'),
(302, 191, 100.00, 2, 1, '2017-03-09'),
(303, 192, 60.00, 2, 1, '2017-03-09'),
(304, 193, 60.00, 2, 1, '2017-03-09'),
(305, 194, 60.00, 2, 1, '2017-03-09'),
(306, 195, 60.00, 2, 1, '2017-03-09'),
(307, 196, 60.00, 2, 1, '2017-03-09'),
(308, 197, 60.00, 2, 1, '2017-03-09'),
(309, 198, 90.00, 2, 1, '2017-03-09'),
(310, 199, 90.00, 2, 1, '2017-03-09'),
(311, 200, 90.00, 2, 1, '2017-03-09'),
(312, 201, 90.00, 2, 4, '2017-03-09'),
(313, 202, 90.00, 2, 3, '2017-03-09'),
(314, 202, 0.00, 2, -3, '2017-03-09'),
(315, 201, 0.00, 2, -4, '2017-03-09'),
(316, 203, 90.00, 2, 1, '2017-03-09'),
(317, 204, 90.00, 2, 1, '2017-03-09'),
(318, 205, 90.00, 2, 1, '2017-03-09'),
(319, 206, 10.00, 2, 2, '2017-03-09'),
(320, 59, 0.00, 2, -1, '2017-03-09'),
(321, 60, 0.00, 2, -2, '2017-03-09'),
(322, 61, 0.00, 2, -1, '2017-03-09'),
(323, 58, 0.00, 2, -4, '2017-03-09'),
(324, 63, 0.00, 2, -3, '2017-03-09'),
(325, 64, 0.00, 2, -1, '2017-03-09'),
(326, 65, 0.00, 2, -1, '2017-03-09'),
(327, 66, 0.00, 2, -1, '2017-03-09'),
(328, 207, 60.00, 2, 1, '2017-03-09'),
(329, 208, 60.00, 2, 1, '2017-03-09'),
(330, 209, 60.00, 2, 1, '2017-03-09'),
(331, 207, 60.00, 2, 1, '2017-03-09'),
(332, 208, 60.00, 2, 1, '2017-03-09'),
(333, 209, 60.00, 2, 1, '2017-03-09'),
(334, 174, 0.00, 2, -1, '2017-03-09'),
(335, 173, 0.00, 2, -1, '2017-03-09'),
(336, 175, 90.00, 2, 1, '2017-03-09'),
(337, 210, 60.00, 2, 1, '2017-03-09'),
(338, 211, 37.00, 2, 2, '2017-03-09'),
(339, 211, 0.00, 2, -2, '2017-03-09'),
(340, 212, 37.00, 2, 2, '2017-03-09');

/*!40101 SET CHARACTER_SET_CLIENT=@OLD_CHARACTER_SET_CLIENT */;
/*!40101 SET CHARACTER_SET_RESULTS=@OLD_CHARACTER_SET_RESULTS */;
/*!40101 SET COLLATION_CONNECTION=@OLD_COLLATION_CONNECTION */;
